metal,adsorbate,atom1,atom2,bond_type,rho,laplacian,abs_V_over_G,bond_group
NbN,Li2S4,S,Nb,S-Nb,0.05339652798,0.1260408107,1.7371381442868197,M–S
NbN,Li2S4,S,Nb,S-Nb,0.05256759559,0.1018396069,1.6673006770297818,M–S
NbN,Li2S4,Li,N,Li-N,0.03446115185,0.06051604251,1.735697814947124,N–Li
NbN,Li2S4,Li,N,Li-N,0.0338866349,0.144597643,2.054280089017497,N–Li
NbN,Li2S8,S,Nb,S-Nb,0.1127449267,0.1710246867,1.41090611447729,M–S
NbN,Li2S8,S,Nb,S-Nb,0.07915612206,0.05897396043,1.2850164913688216,M–S
NbN,Li2S8,S,Nb,S-Nb,0.07632128474,0.1399014277,1.5574161239856543,M–S
NbN,Li2S8,S,Nb,S-Nb,0.07363300422,0.1498875715,1.6031937870567603,M–S
NbN,Li2S8,S,Nb,S-Nb,0.05977885184,0.06064056726,1.4170854154979222,M–S
NbN,Li2S8,S,Nb,S-Nb,0.07889391,0.146948508,1.5552778151210649,M–S
NbN,S8,S,Nb,S-Nb,0.1426786353,0.2167127788,1.366126423091342,M–S
NbN,S8,S,Nb,S-Nb,0.07308562491,0.1549939606,1.6198319254265705,M–S
NbN,S8,S,Nb,S-Nb,0.07222556753,0.0549337002,1.3043675989794723,M–S
NbN,S8,S,Nb,S-Nb,0.07212736452,0.03912998503,1.2306879037157412,M–S
NbN,S8,S,Nb,S-Nb,0.07175122748,0.1147561074,1.524491249825058,M–S
NbN,S8,S,Nb,S-Nb,0.0600028542,0.05060626774,1.3631384274437446,M–S
NbN,S8,S,Nb,S-Nb,0.05383207166,0.1218581508,1.7194210071719451,M–S
ScN,Li2S4,S,Sc,S-Sc,0.03767804168,0.03890503808,1.521718296064225,M–S
ScN,Li2S4,Li,N,Li-N,0.03312093752,0.165299436,2.106192792607302,N–Li
ScN,Li2S4,S,Sc,S-Sc,0.03265410072,0.0299113786,1.5134562108788343,M–S
ScN,Li2S4,S,N,S-N,0.02179756257,0.04840257598,1.9343556385983,N–S
ScN,Li2S4,Li,N,Li-N,0.0341803077,0.258394106,2.209667028616644,N–Li
ScN,Li2S8,S,N,S-N,0.1810456931,-0.2044707258,0.6135690714216512,N–S
ScN,Li2S8,S,N,S-N,0.03462578502,0.07722328207,1.8238989764910565,N–S
ScN,Li2S8,S,Sc,S-Sc,0.03394883018,0.07997100009,1.849009584903809,M–S
ScN,Li2S8,S,N,S-N,0.180104779,-0.189930508,0.6437015171640587,N–S
ScN,S8,S,Sc,S-Sc,0.02869823595,0.04739363955,1.7584111801983842,M–S
ScN,S8,S,Sc,S-Sc,0.02754487054,0.1065560504,2.0667260933178158,M–S
ScN,S8,S,N,S-N,0.02242453214,0.04026942733,1.8508856283785649,N–S
ScN,S8,S,Sc,S-Sc,0.02088369185,0.07665083512,2.1062403323206715,M–S
TiN,Li2S4,S,Ti,S-Ti,0.04163705358,0.07614690806,1.7036899222756343,M–S
TiN,Li2S4,S,Ti,S-Ti,0.04117030623,0.04833424539,1.5455341984336928,M–S
TiN,Li2S4,Li,N,Li-N,0.0331832585,0.232420496,2.196185220213502,N–Li
TiN,Li2S8,S,Ti,S-Ti,0.09880181819,0.1883356774,1.511682852077763,M–S
TiN,Li2S8,S,Ti,S-Ti,0.0735103821,0.08446922558,1.413122010626358,M–S
TiN,Li2S8,S,Ti,S-Ti,0.0726945679,0.1167843941,1.52304281366876,M–S
TiN,Li2S8,S,Ti,S-Ti,0.06789877189,0.1493138603,1.6510880579370055,M–S
TiN,Li2S8,S,Ti,S-Ti,0.0676212493,0.1566459613,1.6713353586788735,M–S
TiN,Li2S8,S,Ti,S-Ti,0.05850914299,0.05075064172,1.375628563295683,M–S
TiN,Li2S8,S,Ti,S-Ti,0.0482254118,0.1068888759,1.7389939412075688,M–S
TiN,S8,S,Ti,S-Ti,0.06548617571,0.1162052691,1.582007898296603,M–S
TiN,S8,S,Ti,S-Ti,0.06492110751,0.1079062355,1.5609080079513953,M–S
TiN,S8,S,Ti,S-Ti,0.06156806093,0.1591715988,1.7356565982128944,M–S
TiN,S8,S,Ti,S-Ti,0.0572315857,0.1151747425,1.660408351322352,M–S
TiN,S8,S,Ti,S-Ti,0.04621062128,0.1209616802,1.8119062685866776,M–S
TiN,S8,S,Ti,S-Ti,0.03082824432,0.07554431295,1.8869478095211225,M–S
VN,Li2S4,S,V,S-V,0.04855205453,0.1063485033,1.7328765123510477,M–S
VN,Li2S4,S,V,S-V,0.04667017682,0.06164946146,1.5575109093603008,M–S
VN,Li2S4,Li,N,Li-N,0.0355144107,0.242543023,2.17873993810437,N–Li
VN,Li2S8,S,V,S-V,0.06139125211,0.0543392012,1.372310614941838,M–S
VN,Li2S8,S,V,S-V,0.04605404049,0.08966462325,1.701960590545706,M–S
VN,Li2S8,Li,N,Li-N,0.03564474081,0.2748133535,2.2077155197266176,N–Li
VN,S8,S,V,S-V,0.06353443063,0.02848041315,1.210700273749121,M–S
VN,S8,S,V,S-V,0.06147046117,0.1508504087,1.7165333265190172,M–S
VN,S8,S,V,S-V,0.06134532823,0.0962161859,1.5538180718305783,M–S
VN,S8,S,V,S-V,0.05295932088,0.1628129176,1.837868551900059,M–S
VN,S8,S,V,S-V,0.0512629154,0.1476823715,1.821824210839924,M–S
VN,S8,S,V,S-V,0.04951451721,0.1343507,1.8081378253050835,M–S
ZrN,Li2S4,S,Zr,S-Zr,0.08360165398,0.1791645058,1.591261512524399,M–S
ZrN,Li2S4,S,Zr,S-Zr,0.05779148013,0.1050101542,1.620555139615249,M–S
ZrN,Li2S4,S,Zr,S-Zr,0.0489725745,0.07922326764,1.618439156057418,M–S
ZrN,Li2S4,S,Zr,S-Zr,0.0290975465,0.05246514469,1.787865810766431,M–S
ZrN,Li2S4,S,Zr,S-Zr,0.0850656057,0.135912854,1.486140500599376,M–S
ZrN,Li2S8,S,Zr,S-Zr,0.09238445176,0.2143644877,1.5958817581852545,M–S
ZrN,Li2S8,S,Zr,S-Zr,0.06847213264,0.08221857838,1.4410127162071698,M–S
ZrN,Li2S8,S,Zr,S-Zr,0.06424704803,0.09326271109,1.5165807924133623,M–S
ZrN,Li2S8,S,Zr,S-Zr,0.05614978613,0.1078189886,1.647796461051408,M–S
ZrN,Li2S8,S,Zr,S-Zr,0.04550102131,0.1134217754,1.7975203516457203,M–S
ZrN,Li2S8,S,N,S-N,0.03905381244,0.09954901244,1.843665217297781,N–S
ZrN,Li2S8,S,Zr,S-Zr,0.03635026263,0.06201795066,1.7115675560692594,M–S
ZrN,Li2S8,S,Zr,S-Zr,0.03266925795,0.05046665252,1.7010412452780022,M–S
ZrN,Li2S8,S,N,S-N,0.03193382675,0.07416507856,1.8587967533608696,N–S
ZrN,Li2S8,S,Zr,S-Zr,0.0352388117,0.0798315072,1.825372309837547,M–S
ZrN,S8,S,Zr,S-Zr,0.05920974973,0.1219629764,1.6606424432186195,M–S
ZrN,S8,S,Zr,S-Zr,0.05800299717,0.1276259705,1.690232584242997,M–S
ZrN,S8,S,Zr,S-Zr,0.05381757205,0.07504218928,1.5432586898647975,M–S
ZrN,S8,S,Zr,S-Zr,0.0479358986,0.08600649112,1.6616559502471546,M–S
ZrN,S8,S,Zr,S-Zr,0.0433155412,0.06419131462,1.6163246995931948,M–S
ZrN,S8,S,Zr,S-Zr,0.04243176164,0.1060149067,1.815738332204374,M–S
ZrN,S8,S,Zr,S-Zr,0.04138609944,0.06915929702,1.671602254279623,M–S
ZrN,S8,S,Zr,S-Zr,0.0403216294,0.07961191306,1.740382714538326,M–S
ZrN,S8,S,N,S-N,0.03128479129,0.07013793715,1.850852632527161,N–S
ZrN,S8,S,N,S-N,0.0310988444,0.06672654576,1.836113773400065,N–S
ZrN,S8,S,Zr,S-Zr,0.02352459535,0.04745912158,1.8817903714376287,M–S
ZrN,S8,S,Zr,S-Zr,0.0397220529,0.10675374,1.8589791371493136,M–S
VN_U,Li2S4,Li,N,Li-N,0.0311594124,0.224249792,2.212581798980576,N–Li
VN_U,Li2S4,Li,N,Li-N,0.0306161452,0.236280101,2.231059648331156,N–Li
VN_U,Li2S4,S,V,S-V,0.0558758775,0.152192463,1.7794573918397103,M–S
VN_U,Li2S8,S,V,S-V,0.0680861103,0.0951708673,1.4909972033996994,M–S
VN_U,Li2S8,S,V,S-V,0.0638797658,0.180392351,1.7595489560546331,M–S
VN_U,Li2S8,S,V,S-V,0.0600159021,0.174636628,1.7863565874492622,M–S
VN_U,Li2S8,S,V,S-V,0.0532164116,0.117447786,1.7127997811451654,M–S
VN_U,S8,S,V,S-V,0.0834486671,0.160025699,1.552380396239648,M–S
VN_U,S8,S,V,S-V,0.081885404,0.189263658,1.6235716104219005,M–S
VN_U,S8,S,V,S-V,0.0804561593,0.230420222,1.707191376216885,M–S
VN_U,S8,S,V,S-V,0.0643378579,0.19874423,1.7913731394027903,M–S
VN_U,S8,S,V,S-V,0.0614842632,0.181708164,1.786135233193263,M–S
VN_U,S8,S,V,S-V,0.0586576688,0.147346709,1.736973804573496,M–S
VN_U,S8,S,V,S-V,0.0510137232,0.0992803769,1.676409647969369,M–S
