cp_no,cp_type,x_bohr,y_bohr,z_bohr,x_ang,y_ang,z_ang,rho,laplacian,G_ked,V_ped,H_ted,abs_V_over_G
320,"(3,-1)",17.3831963361,6.2678959581,35.5547128806,9.198791354012162,3.3168277014440997,18.814743797217307,0.1409019481,-0.1264817694,0.08846580432406502,-0.05684536197406502,0.03162044235,0.6425687575939621
321,"(3,-1)",17.2208813948,9.4931749941,35.5574976143,9.112897986084384,5.0235718661533255,18.81621741482983,0.1378942424,-0.1121996418,0.08697665435131363,-0.05892674390131363,0.02804991045,0.6775006964891798
322,"(3,-1)",7.353332924,11.9074077651,36.5513418651,3.8912162076885286,6.301128830422769,19.34213714355705,0.1213853024,-0.05151489291,0.0768576318866291,-0.0639789086591291,0.0128787232275,0.8324340353538722
332,"(3,-1)",7.9574907216,17.9760542743,30.6990152289,4.210922745978067,9.51251826422062,16.245219256819908,0.08454555778,0.2929125257,0.09558005441628994,-0.16880818584128993,-0.07322813142499998,1.766144483513911
333,"(3,-1)",11.950183039,9.9113099658,30.749812642,6.32376453056151,5.244839364265644,16.272100090206116,0.08350021657,0.2432358924,0.08634097955738666,-0.14714995265738667,-0.06080897310000001,1.7042886635260286
334,"(3,-1)",13.9105929304,7.9547726017,30.6801222412,7.361168769152542,4.209484378870439,16.235221518282877,0.08199246029,0.166025723,0.07210253669090685,-0.11360896744090684,-0.04150643074999999,1.575658397816599
337,"(3,-1)",7.9782897342,21.8743114278,30.7945068421,4.221929109455624,11.575387112158687,16.295751242359334,0.08174975692,0.1794431118,0.07411978356656651,-0.11898056151656651,-0.04486077795,1.6052470176158948
339,"(3,-1)",19.9371597181,1.961036915,30.7545444808,10.55029057329073,1.0377360451908613,16.274604071464825,0.08170227785,0.1932140774,0.07637215606212958,-0.12467567541212957,-0.04830351934999999,1.632475523025755
340,"(3,-1)",1.9801875471,11.9526760884,30.7972298418,1.0478701232728942,6.325083795489688,16.297192191745918,0.08162496681,0.1289132925,0.06558572084820141,-0.09781404397320141,-0.032228323125,1.4913923748675824
342,"(3,-1)",13.9730438619,3.9783897372,30.9214339519,7.394216378903068,2.105273185084248,16.362918176313435,0.08119253392,0.2020195448,0.07738139432754945,-0.12788628052754947,-0.050504886200000015,1.6526748017258095
344,"(3,-1)",5.9263963177,15.9652235605,30.7020106375,3.1361138742070445,8.448432475459663,16.24680435878842,0.08106832429,0.2420390206,0.08393991296619571,-0.1444496681161957,-0.06050975514999998,1.720869881940055
345,"(3,-1)",17.9517132401,15.914640465,30.8142356536,9.499637543631755,8.421665054063272,16.306191279803674,0.0807422667,0.2140851231,0.078989055505855,-0.132510336280855,-0.05352128077500001,1.6775784370662945
347,"(3,-1)",15.9233774424,5.9461566612,30.8203561831,8.426288463395675,3.1465705976671954,16.309430124533836,0.08033956901,0.1796955403,0.07289806166682153,-0.11782194674182153,-0.044923885075,1.6162562357326222
348,"(3,-1)",15.9324469795,21.8656057986,30.8080905103,8.43108785574259,11.570780291579329,16.302939410011476,0.0803204535,0.2031421681,0.0767888026871962,-0.1275743447121962,-0.05078554202499999,1.6613665045915345
349,"(3,-1)",9.9681172461,3.9738604403,30.8862747549,5.27490048241475,2.1028763843832774,16.34431273050679,0.08026256359,0.3455762794,0.1004762627750339,-0.18687033262503389,-0.08639406984999999,1.8598455741077482
353,"(3,-1)",11.9556210781,21.933228943,30.8061090656,6.326642216925322,11.60656491852656,16.301890874631535,0.08008341405,0.206481097,0.07713433356881327,-0.12875460781881326,-0.05162027424999999,1.6692256465008333
356,"(3,-1)",2.0040164551,15.9391787946,30.8026917094,1.0604798383476035,8.434650178881636,16.3000824876089,0.08000749675,0.1351359326,0.06517599685436894,-0.09895998000436894,-0.03378398315,1.5183500794853644
364,"(3,-1)",9.9471931682,19.9224844196,30.7996908431,5.2638279372305545,10.542524739761083,16.29849449754992,0.07971005929,0.1039317045,0.05971133828961178,-0.08569426441461178,-0.025982926125,1.4351422505216291
368,"(3,-1)",21.8957434599,7.962198015,30.8997759952,11.586728455129714,4.213413738370461,16.351457279192704,0.0793990497,0.08262191282,0.05588440958999578,-0.07653988779499578,-0.020655478205,1.369610743972102
369,"(3,-1)",15.9223036903,9.9432784024,30.8231072058,8.425720258254177,5.261756332383106,16.3108859030534,0.07938437215,0.3454519617,0.09967644332479572,-0.1860394337497957,-0.08636299042499998,1.866433307051157
370,"(3,-1)",0.0169434659,9.9723457942,30.8283103576,0.008966096028280128,5.277138133704549,16.313639292410915,0.07932557054,0.1540214585,0.06771939704490171,-0.10622476166990172,-0.03850536462500001,1.568601705054592
371,"(3,-1)",11.9490827484,13.9098927522,30.8785965165,6.323182281850601,7.3607982508055185,16.340249581725498,0.07932468856,0.3434547872,0.09929083929312371,-0.1851545360931237,-0.0858636968,1.8647695740239996
409,"(3,-1)",9.9933807607,23.8821278225,30.8057977018,5.288269358608813,12.637877791945483,16.30172610800427,0.07902095782,0.2263918458,0.07951235606135583,-0.13611031751135583,-0.05659796145,1.7118134118215047
411,"(3,-1)",13.9262546655,23.8830559831,30.809859053,7.369456602450928,12.638368953383077,16.303875282504855,0.0789367462,0.1183240273,0.06142687131479271,-0.0910078781397927,-0.029581006825,1.481564601807684
416,"(3,-1)",21.8732492829,15.9180534394,30.8178540958,11.574825049282914,8.423471122337206,16.308106076954942,0.07877639339,0.1817508117,0.07185689377282403,-0.11729459669782402,-0.04543770292499999,1.6323360298408047
420,"(3,-1)",0.0025173293,21.8785281549,30.8177900056,0.001332113297941196,11.577618508044676,16.30807216188166,0.0787135577,0.159945895,0.0681674986208158,-0.1081539723708158,-0.03998647375,1.5865914777425856
425,"(3,-1)",19.9328433937,9.9406622674,30.8427218601,10.548006472783314,5.260371933360416,16.321265531109034,0.07857676575,0.1346872558,0.06383756561826037,-0.09750937956826036,-0.03367181394999999,1.5274608081290675
428,"(3,-1)",21.8818538708,0.0041920692,30.8199145868,11.57937840110895,0.0022183474872396356,16.30919644183545,0.07855430107,0.1496890865,0.066318150793696,-0.10374042241869601,-0.037422271625,1.5642840033554923
430,"(3,-1)",0.0087437132,2.023562545,30.8201617862,0.004626973764260388,1.070823183685277,16.309327254124483,0.0785225321,0.2033344543,0.07523116441294816,-0.12606477798794816,-0.05083361357499999,1.6756988805326922
431,"(3,-1)",15.938503653,17.93703691,30.8061463817,8.434292909332772,9.491871164202896,16.301910621461257,0.07846450059,0.1563415717,0.06734810723873967,-0.10643350016373967,-0.039085392925000004,1.5803487956454028
432,"(3,-1)",7.9873882421,1.9948435723,30.9243048696,4.22674383248968,1.0556257578114034,16.364437400534705,0.07838260053,0.07809469043,0.05423515350851419,-0.0737588261160142,-0.019523672607500007,1.3599818815749283
433,"(3,-1)",0.0020496586,17.9459725771,30.8146668396,0.001084632621286192,9.496599715596584,16.30641945360854,0.07830487843,0.193670925,0.0734297617351499,-0.1218474929851499,-0.04841773125,1.6593747563097845
435,"(3,-1)",13.9555672942,11.9115070012,30.9032926927,7.384968177551127,6.30329805274907,16.353318235367404,0.07812451679,0.1374463945,0.06390115332507094,-0.09826275195007095,-0.034361598625,1.5377304921274182
436,"(3,-1)",2.0304098824,0.0066688088,30.8220622284,1.0744466385928373,0.0035289816409427525,16.310332924827392,0.07808837462,0.225183362,0.07849237864194067,-0.13478821914194067,-0.0562958405,1.7172140973941585
437,"(3,-1)",0.0115755925,13.9047494165,30.8200438719,0.006125539753896471,7.358076514764968,16.30926485656408,0.07797195376,0.1973327989,0.07374888638377505,-0.12308208610877505,-0.049333199725,1.6689348428704331
438,"(3,-1)",15.9368028034,2.0040605147,30.9562950749,8.43339285848525,1.0605031536838456,16.381365888152118,0.07795070557,0.1138673356,0.05981941950307554,-0.08828625340307554,-0.028466833900000002,1.4758794741987828
451,"(3,-1)",9.9129503557,11.9403904909,30.7842200452,5.245707421217748,6.318582537270152,16.290307703866493,0.07734268654,0.2262977173,0.07802825513975778,-0.1346026844647578,-0.05657442932500001,1.7250505502611657
502,"(3,-1)",2.0480091817,7.9637841662,30.9073231774,1.0837597867105575,4.214253093438574,16.355451076019605,0.0763736287,0.2559492962,0.08213189735191351,-0.14611922140191352,-0.06398732405000002,1.7790800664914779
510,"(3,-1)",8.0014287884,5.9640819613,30.860984487,4.234173769620507,3.1560562579790172,16.330929697076048,0.07545324916,0.1026887964,0.055798840100939856,-0.08147103920093986,-0.0256721991,1.4600848163431195
543,"(3,-1)",16.1050371004,4.2874354193,33.0729376043,8.522418614552796,2.268813117184795,17.501444878374663,0.06548617571,0.1162052691,0.04991567530273422,-0.07896699257773422,-0.029051317275000002,1.582007898296603
544,"(3,-1)",15.9683057005,11.499743047,33.08634443,8.450063473708527,6.085401951908123,17.508539465005878,0.06492110751,0.1079062355,0.04809444417370061,-0.07507100304870061,-0.026976558875,1.5609080079513953
545,"(3,-1)",7.9484487905,4.1585469903,33.0375198933,4.2061379620972374,2.2006082978067143,17.48270263285051,0.06156806093,0.1591715988,0.05409167782450064,-0.09388457752450063,-0.039792899699999995,1.7356565982128944
546,"(3,-1)",11.7183415935,15.5723302665,33.0849059534,6.2010793210561586,8.240522297951571,17.507778255970717,0.0572315857,0.1151747425,0.04359982057668667,-0.07239350620168666,-0.028793685624999996,1.660408351322352
547,"(3,-1)",19.3158197507,7.9462683502,32.9301482924,10.221491622308877,4.204984122780706,17.425884028554233,0.04621062128,0.1209616802,0.037246196045069194,-0.0674866160950692,-0.030240420050000008,1.8119062685866778
548,"(3,-1)",4.6347505951,7.683517039,33.0393360326,2.4526043932248283,4.065942116754317,17.483663692379928,0.03082824432,0.07554431295,0.021293336580533298,-0.0401794148180333,-0.0188860782375,1.8869478095211225
549,"(3,-1)",1.9618136785,1.9973843246,30.8031125009,1.0381470907333357,1.056970266027156,16.300305160881248,0.03036259155,0.02876802255,0.013279308410340983,-0.020471314047840986,-0.007192005637500002,1.5415948944976214
550,"(3,-1)",1.9891201591,21.8937638093,30.8072973913,1.0525970579772848,11.58568086914661,16.302519709511127,0.02978007764,0.01916414434,0.011409100914322741,-0.01620013699932274,-0.004791036084999999,1.419931081421625
551,"(3,-1)",13.7522422582,12.9862718128,35.5360702145,7.277373202090439,6.872039098146517,18.804878523166398,0.01294457439,0.02800239729,0.006716095730155622,-0.013716695052655622,-0.0070005993225,2.0423614557885084
554,"(3,-1)",23.505577829,5.2324935771,35.6069191984,12.43861611661321,2.768916357286592,18.842370190863114,0.0002396035637,-0.002862354658,-0.00047440517205046205,0.001189993836550462,0.0007155886645,-2.5083913638780553
559,"(3,-1)",0.2658352867,10.1453158103,36.1224415644,0.1406739755800246,5.368669924397134,19.115172878669874,0.0001448664253,-0.001413209896,-0.00023438767077695394,0.000587690144776954,0.00035330247400000006,-2.5073423991495134
560,"(3,-1)",5.445059196,22.4437951862,35.9956814552,2.8814012386335777,11.876744939093038,19.048094317627505,0.0001418756719,-0.006547950571,-0.0010902169878896154,0.0027272046306396156,0.0016369876427500003,-2.501524614763887
563,"(3,-1)",1.3779506103,18.1454445667,35.9043155324,0.7291800607440659,9.602155746709775,18.99974555342707,0.0001380169031,-0.00606087806,-0.0010090880102186378,0.0025243075252186376,0.0015152195149999998,-2.501573202392623
567,"(3,-1)",23.6636073884,6.2731642137,37.0266659171,12.522241758099417,3.319615542248921,19.5936677996776,0.0001274941138,-0.001975865802,-0.0003283836700904859,0.0008223501205904859,0.0004939664504999999,-2.5042357324403124
572,"(3,-1)",15.7455749027,18.8165120145,36.3193398881,8.332199411342737,9.95726934707578,19.219366984440263,0.0001066479271,-0.003954896984,-0.0006584608620262235,0.0016471851080262236,0.0009887242460000002,-2.501568738584532
577,"(3,-1)",12.2860892385,23.4509104417,36.0449569621,6.501518436343657,12.409687381073512,19.074169792935518,0.0001037591415,-0.004536034545,-0.0007553479292232295,0.0018893565654732295,0.0011340086362499999,-2.5013063415903853
582,"(3,-1)",7.5997644032,21.0042464699,36.1091177198,4.021622130534475,11.11496856441794,19.10812220374571,9.926784081e-05,-0.001425947312,-0.00023704682670513488,0.0005935336547051349,0.000356486828,-2.503866695686409
590,"(3,-1)",14.6319063138,21.4889084668,36.1453550723,7.742871373579423,11.3714406481764,19.12729818487279,9.150557737e-05,-0.002709840424,-0.00045110655415583374,0.0011285666601558338,0.000677460106,-2.5017740260230688
593,"(3,-1)",21.0499994921,1.9544295325,37.8095834094,11.139180021096895,1.0342395689480295,20.007969894633398,8.817680899e-05,-0.00172521218,-0.00028703379987859377,0.0007183368448785937,0.00043130304499999994,-2.5026211030980585
599,"(3,-1)",7.4642115581,20.767148745,36.378499281,3.9498906540321856,10.98950185163988,19.250672786974807,7.605422194e-05,-0.001695137722,-0.00028213096443713433,0.0007059153949371343,0.0004237844305,-2.502084081219059
606,"(3,-1)",15.6822273286,23.0906912929,37.4404863138,8.298677318761952,12.219067616591552,19.812652123025117,6.352868737e-05,-0.004192219665,-0.0006984128629363303,0.0017464677791863303,0.00104805491625,-2.5006237311318595
608,"(3,-1)",22.5276854603,20.5142415636,36.4326361565,11.92113776036459,10.855669134764987,19.279320787759822,6.080261862e-05,-0.001559845684,-0.0002597043374651779,0.0006496657584651778,0.0003899614209999999,-2.5015591376185133
609,"(3,-1)",16.5009243226,22.3074716336,36.7026209615,8.731913110635459,11.804605621745464,19.422190593860503,6.078349385e-05,-0.002081457968,-0.0003466398596295975,0.0008670043516295976,0.0005203644920000001,-2.501167501498634
612,"(3,-1)",22.0292385665,2.5223722951,37.2696211082,11.657371023311768,1.3347819360228972,19.722234150082436,5.988228725e-05,-0.003654613774,-0.0006088391279847063,0.0015224925714847062,0.0009136534434999999,-2.5006483675322366
616,"(3,-1)",6.2680247545,21.8754648423,36.726457468,3.3168958575638277,11.575997472826833,19.434804329888244,5.316873679e-05,-0.001462306013,-0.00024350181364501342,0.0006090783168950134,0.00036557650324999994,-2.5013296935149394
623,"(3,-1)",7.1923416527,21.5127472261,36.7478993112,3.8060232957595295,11.384055576334566,19.446150864669807,4.649136447e-05,-0.0007140355523,-0.00011883333268887943,0.0002973422207638794,0.000178508888075,-2.502178589422874
635,"(3,-1)",13.9645988232,23.4078955116,37.5768105091,7.38974745687769,12.386924860335276,19.884791780474885,4.025755882e-05,-0.002973741027,-0.0004954877312183563,0.0012389229879683564,0.00074343525675,-2.5004110291933257
642,"(3,-1)",2.57197044,1.3835846106,37.8172889851,1.3610281440078853,0.7321614453091423,20.012047509690856,3.466228048e-05,-1.845357533e-05,-2.9697930930686573e-06,7.583186925568658e-06,4.6133938325e-06,-2.5534394780792717
655,"(3,-1)",1.2876432496,17.4856446895,36.9838113472,0.6813914634832935,9.253004687927719,19.570990137902747,2.837339773e-05,-0.0001857051327,-3.087506970958115e-05,7.730135288458115e-05,4.6426283174999995e-05,-2.503681890006972
656,"(3,-1)",17.8973956005,17.8923257448,37.3116620457,9.47089388660447,9.468211034505376,19.744481256133145,2.811423214e-05,-0.002355556801,-0.00039251816463475663,0.0009814073648847566,0.00058888920025,-2.5002852181324378
661,"(3,-1)",2.2407229743,2.1057289567,38.4342224886,1.185739533984441,1.1143037762599877,20.33851466039609,2.718530737e-05,-0.0007620350328,-0.00012693526789812329,0.0003174440260981233,0.0001905087582,-2.50083393964946
663,"(3,-1)",6.4157563236,18.9091865737,38.3136659492,3.395072037265001,10.006310611836478,20.274718887118233,2.657799383e-05,0.0002389603721,3.989469163755474e-05,-9.963478466255474e-05,-5.9740093025e-05,2.4974446617545443
669,"(3,-1)",4.9151465372,20.1971903585,37.3618859839,2.600983535818592,10.687892862331346,19.771058619671244,2.152072213e-05,-0.001660702545,-0.00027673594993162415,0.0006919115861816242,0.00041517563625000005,-2.5002591327674684
672,"(3,-1)",0.0097314317,17.9224492211,37.2846323993,0.0051496518852644745,9.484151691677024,19.730177783239043,2.134532155e-05,-0.002496460211,-0.00041602954190997864,0.0010401445946599786,0.00062411505275,-2.5001700357256054
674,"(3,-1)",22.2870824953,21.8841276496,37.2348721713,11.793816154406809,11.580581633032583,19.70384580457126,2.04776157e-05,-0.001199187811,-0.0001998206269028448,0.0004996175796528448,0.00029979695274999995,-2.5003303582655905
678,"(3,-1)",14.4733341493,22.6522033141,37.7821700371,7.658958597839765,11.987029770948219,19.993463362737774,1.835914601e-05,-8.259811085e-05,-1.3729666735883492e-05,3.437919444838349e-05,2.06495277125e-05,-2.5040079347687985
682,"(3,-1)",3.3856106778,21.2032760568,37.2803276293,1.7915880157391748,11.22029048610424,19.72789979705679,1.744348069e-05,0.0007209442996,0.00012019106986587323,-0.00030042714476587325,-0.0001802360749,2.499579586912187
685,"(3,-1)",4.2201810607,22.0265030874,37.4933565431,2.233223643278633,11.6559234701111,19.840629843506793,1.715823686e-05,0.0003924576657,6.54423844647613e-05,-0.00016355680088976128,-9.811441642499998e-05,2.4992488007192275
687,"(3,-1)",0.9788602058,21.5504122172,38.4055745488,0.5179905135858213,11.403987031274191,20.32335482351412,1.613244345e-05,-0.007046274545,-0.0011743495173709316,0.0029359181536209315,0.00176156863625,-2.500037774268177
688,"(3,-1)",4.8113947078,22.0537293772,37.9253560137,2.5460804321088526,11.670331002211165,20.069234118477816,1.605063696e-05,-0.0009602257853,-0.00016000830693980604,0.00040006475326480605,0.000240056446325,-2.500274897698327
690,"(3,-1)",0.4047039316,18.2711681451,37.5672306077,0.21416009777244646,9.668685799274368,19.879722314971144,1.527750527e-05,-0.002215238689,-0.00036917944035943807,0.000922989112609438,0.00055380967225,-2.5001097344716796
692,"(3,-1)",10.9202255377,22.6899113965,38.5375588978,5.778734492657444,12.006984028821794,20.393197933203034,1.510190143e-05,-0.001048399864,-0.00017470681826646707,0.00043680678426646707,0.000262099966,-2.5002274587831987
694,"(3,-1)",16.3219898913,18.6312527897,38.4680331525,8.637225087342568,9.859234387198915,20.356406493218046,1.478343752e-05,-0.001537710992,-0.0002562595974777221,0.0006406873454777221,0.000384427748,-2.5001496598909636
700,"(3,-1)",18.8358138259,18.8195453567,37.8648213397,9.967483425798138,9.958874522640944,20.037200548526545,1.3445018e-05,-0.00331359117,-0.0005522433674880443,0.0013806411599880442,0.0008283977924999999,-2.500059287752214
705,"(3,-1)",20.0221134682,22.1130603257,37.9187405047,10.595246161825845,11.701727588059635,20.065733341876378,1.229770714e-05,-0.000765809651,-0.00012761612952164964,0.0003190685422716496,0.00019145241274999997,-2.5002211199135354
706,"(3,-1)",18.7317659744,20.8265906573,37.7003324364,9.912423673939148,11.020957157002544,19.95015676945096,1.227917879e-05,-0.0006586308309,-0.00010975304005389459,0.0002744107477788946,0.000164657707725,-2.500256463457817
711,"(3,-1)",3.2762819955,19.9022279044,37.9364456206,1.7337337685661023,10.531805453544589,20.075102485727356,1.1392058e-05,-0.001718540658,-0.00028640688254618545,0.0007160420470461854,0.00042963516449999993,-2.5000867321361167
717,"(3,-1)",4.7525462995,20.619678578,37.7025705607,2.514939195537577,10.911463999972911,19.95134113382573,1.034899186e-05,9.519675788e-05,1.588023755827527e-05,-3.967942702827527e-05,-2.3799189470000003e-05,2.4986670937802264
728,"(3,-1)",21.1752571891,19.352336143,38.2594647231,11.205463539841618,10.24081526493905,20.246036833462192,9.118727344e-06,-0.001920342581,-0.00032004566912962197,0.000800131314379622,0.00048008564525,-2.500053559717317
737,"(3,-1)",1.9583457149,19.1839173711,37.9232174236,1.0363119234279157,10.151691888958437,20.068102425333397,8.01012508e-06,-0.0001258050405,-2.0958299412041494e-05,5.240955953704149e-05,3.1451260125e-05,-2.5006589755526547
941,"(3,-1)",22.8473003932,18.8608457587,38.3060722759,12.090270699124996,9.980729754181176,20.2707004882607,2.5705394e-06,0.0001469090756,2.4486230909701105e-05,-6.12134998097011e-05,-3.672726889999999e-05,2.4999151578469005
