Energy_minus_Ef,Total_DOS_Combi,Total_DOS_Slab,Total_DOS_Ads,Delta_DOS,Nb_d_proj,S_p_proj
-16.5303,32.17013577379022,44.21706003111233,0.0,-12.046924257322111,5.384045575474681,0.4010000066091196
-16.4803,37.8824362327116,47.01774690457599,0.0,-9.135310671864396,6.196272325042042,0.7947874255988775
-16.430300000000003,44.57450128565331,51.21763609409918,0.0,-6.643134808445865,7.262946949874278,1.0343183654286636
-16.3803,49.039872833192575,63.9885864525285,0.0,-14.948713619335926,8.840396001223418,0.6762972360425414
-16.3303,51.92782468031311,76.88718519180411,0.0,-24.959360511491,10.54809408996979,0.2399412606693386
-16.2803,54.14878293959573,80.99567818599435,0.0,-26.846895246398617,11.39149359889217,0.07392010887962291
-16.2303,57.70507442709659,81.69991608580362,0.0,-23.99484165870703,11.77536865424732,0.04434390381111165
-16.180300000000003,57.35576872397514,76.85972092102689,0.0,-19.503952197051753,11.245463527727495,0.046911660398479826
-16.1303,61.268674892742496,69.74356812174386,0.0,-8.474893229001367,11.41161873033422,0.07379100286139459
-16.0803,74.04216837334772,67.5208651359609,0.0,6.521303237386817,12.928591273030573,0.15843721604787503
-16.0303,82.77116020450391,62.99782151049388,0.0,19.773338694010036,13.875876661255873,0.42081555885198463
-15.9803,97.14350312121945,57.87081510508378,0.0,39.272688016135675,15.709903884260191,0.9686288155398108
-15.9303,110.43011753874039,57.293832636623954,0.0,53.13628490211644,17.608483830482847,1.2932160382706404
-15.8803,100.25153440200646,58.21295057257312,0.0,42.038583829433335,16.4966116946923,0.8678872652872395
-15.830300000000001,86.27173577946309,58.652497522817974,0.0,27.61923825664511,14.795864019173468,0.33482906977333554
-15.7803,78.38803437105659,56.99193834637546,0.0,21.39609602468113,13.369503122490919,0.13797091874615436
-15.7303,72.96762574611714,56.328710815095654,0.0,16.638914931021482,12.096932146286031,0.12433773604040235
-15.6803,72.33915801789195,64.78607460833445,0.0,7.553083409557502,12.012390595093244,0.14035293034703522
-15.6303,77.40325577797526,74.14222344564888,0.0,3.26103233232638,13.000856784822302,0.1296105191174341
-15.580300000000001,82.27186729054904,71.40214467294305,0.0,10.869722617605987,13.771934769305252,0.11227083503556272
-15.5303,82.0350543023423,62.77758265555611,0.0,19.257471646786193,13.486393087600277,0.11851715788130648
-15.4803,82.37078908841733,57.276622076093446,0.0,25.09416701232388,13.191212418062026,0.1125933394437112
-15.4303,85.66784273776776,53.60066680051282,0.0,32.06717593725494,13.919391653446262,0.09317199304473509
-15.3803,87.29527043472712,51.91496191101768,0.0,35.38030852370944,15.002948207690778,0.08788875073194101
-15.330300000000001,78.06763064997115,56.147148695992364,0.0,21.920481953978786,13.560052099113953,0.07350403309089683
-15.2803,67.92423274647109,67.10238593876014,0.0,0.8218468077109549,11.506754379015813,0.05292090584119701
-15.2303,62.85342830564545,76.17374604610178,0.0,-13.320317740456332,10.49747642476816,0.046995367837389196
-15.1803,64.85205788903458,77.80178615597593,0.0,-12.94972826694135,10.514221025600817,0.05065171821508375
-15.1303,68.50791415047237,79.18699951393272,0.0,-10.679085363460345,10.678668289371307,0.04958850277569684
-15.080300000000001,69.95933300938071,83.08208366733494,0.0,-13.122750657954228,10.78190228443238,0.049228266686206494
-15.0303,70.01705771658139,87.39958722095159,0.0,-17.382529504370197,10.610561411905504,0.055990573847829385
-14.9803,70.5286476280829,89.60932910892217,0.0,-19.080681480839274,10.11199565221596,0.06928055393943833
-14.9303,70.51905016206109,79.4417725555076,0.0,-8.922722393446506,9.501096391487001,0.07845537064519952
-14.8803,65.72718438981235,61.09046670842334,0.0,4.636717681389008,8.347489556741099,0.0782926193535265
-14.830300000000001,55.57881371598302,51.34521866043641,0.0,4.233595055546608,6.5756598300870985,0.07929376554182065
-14.7803,46.494415721835175,52.51611584510086,0.0,-6.021700123265688,5.075112507758179,0.08141879920632739
-14.7303,41.96081347743367,52.6694947138711,0.0,-10.708681236437435,4.17181777283226,0.09164635376289228
-14.6803,42.38662228001949,45.57489392713775,0.0,-3.1882716471182633,3.7908078720087937,0.13298915769716402
-14.6303,42.9269545583706,37.449191293696686,0.0,5.477763264673918,3.4713132388063856,0.2080412932952385
-14.580300000000001,35.98747810375002,31.52756935526381,0.0,4.45990874848621,2.6474656300244197,0.3520352686676908
-14.5303,29.34258183978261,25.848335944119626,0.0,3.494245895662985,1.974851084892702,0.8225674159328445
-14.4803,30.29006834543368,21.533002277486364,0.0,8.757066067947317,1.8277267325429665,1.5205647860113938
-14.4303,29.171491480916345,18.04091933739015,0.0,11.130572143526194,1.5934920127315,1.5190012153730381
-14.3803,22.245429830121303,14.326217122593292,0.0,7.919212707528011,1.1095623249539321,0.8000026369901929
-14.330300000000001,13.630910040253989,9.058546308255227,0.0,4.572363731998761,0.6172341857362404,0.24464509055839334
-14.2803,5.398664343135722,3.462802612810203,0.0,1.9358617303255188,0.22766028461186538,0.05285760499992001
-14.2303,1.025421084180316,0.6344450128030985,0.0,0.39097607137721746,0.041744968832137554,0.007573581504357585
-14.1803,0.07929428626898984,0.0481701846995332,0.0,0.031124101569456636,0.0031813421691452566,0.0005286538933140173
-14.1303,0.0023152698058350324,0.0013891083512512113,0.0,0.0009261614545838211,9.209688263488069e-05,1.4749874630664532e-05
-14.080300000000001,0.0,0.0,0.0,0.0,0.0,0.0
-14.0303,0.0,0.0,0.0,0.0,0.0,0.0
-13.9803,0.0,0.0,0.0,0.0,0.0,0.0
-13.9303,0.0,0.0,0.0,0.0,0.0,0.0
-13.8803,0.0,0.0,0.0,0.0,0.0,0.0
-13.830300000000001,0.0,0.0,0.0,0.0,0.0,0.0
-13.7803,0.0,0.0,0.0,0.0,0.0,0.0
-13.7303,0.0,0.0,0.0,0.0,0.0,0.0
-13.6803,0.0,0.0,0.0,0.0,0.0,0.0
-13.6303,0.0,0.0,0.0,0.0,0.0,0.0
-13.580300000000001,0.0,0.0,0.0,0.0,0.0,0.0
-13.5303,0.0,0.0,0.0,0.0,0.0,0.0
-13.4803,0.0,0.0,0.0,0.0,0.0,0.0
-13.4303,0.0,0.0,0.0,0.0,0.0,0.0
-13.3803,0.0,0.0,0.0,0.0,0.0,0.0
-13.330300000000001,0.0,0.0,0.0,0.0,0.0,0.0
-13.2803,0.0,0.0,0.0,0.0,0.0,0.0
-13.2303,0.0,0.0,0.0,0.0,0.0,0.0
-13.1803,0.0,0.0,0.0,0.0,0.0,0.0
-13.1303,0.0,0.0,0.0,0.0,0.0,0.0
-13.080300000000001,0.0,0.0,0.0,0.0,0.0,0.0
-13.0303,0.0,0.0,0.0,0.0,0.0,0.0
-12.9803,0.0,0.0,0.0,0.0,0.0,0.0
-12.9303,0.0,0.0,0.0,0.0,0.0,0.0
-12.8803,0.0,0.0,0.0,0.0,0.0,0.0
-12.830300000000001,0.0,0.0,0.0,0.0,0.0,0.0
-12.7803,0.0,0.0,0.0,0.0,0.0,0.0
-12.7303,0.0,0.0,0.0,0.0,0.0,0.0
-12.6803,0.0,0.0,0.0,0.0,0.0,0.0
-12.6303,0.0,0.0,0.0,0.0,0.0,0.0
-12.580300000000001,0.0,0.0,0.0,0.0,0.0,0.0
-12.5303,0.0,0.0,0.0,0.0,0.0,0.0
-12.4803,0.0,0.0,0.0,0.0,0.0,0.0
-12.4303,0.0,0.0,0.0,0.0,0.0,0.0
-12.3803,0.0,0.0,0.0,0.0,0.0,0.0
-12.330300000000001,0.0,0.0,0.0,0.0,0.0,0.0
-12.2803,0.0,0.0,0.0,0.0,0.0,0.0
-12.2303,0.0,0.0,0.0,0.0,0.0,0.0
-12.1803,0.0,0.0,0.0,0.0,0.0,0.0
-12.1303,0.0,0.0,0.0,0.0,0.0,0.0
-12.080300000000001,0.0,0.0,0.0,0.0,0.0,0.0
-12.0303,0.0,0.0,0.0,0.0,0.0,0.0
-11.9803,0.0,0.0,0.0,0.0,0.0,0.0
-11.9303,0.0,0.0,0.0,0.0,0.0,0.0
-11.8803,0.0,0.0,0.0,0.0,0.0,0.0
-11.830300000000001,0.0,0.0,0.0,0.0,0.0,0.0
-11.7803,0.0,0.0,0.0,0.0,0.0,0.0
-11.7303,0.0,0.0,0.0,0.0,0.0,0.0
-11.6803,0.0,0.0,0.0,0.0,0.0,0.0
-11.6303,0.0,0.0,0.0,0.0,0.0,0.0
-11.580300000000001,0.0,0.0,0.0,0.0,0.0,0.0
-11.5303,0.0,0.0,0.0,0.0,0.0,0.0
-11.4803,0.0,0.0,0.0,0.0,0.0,0.0
-11.4303,0.0,0.0,0.0,0.0,0.0,0.0
-11.3803,0.0,0.0,0.0,0.0,0.0,0.0
-11.330300000000001,0.0,0.0,0.0,0.0,0.0,0.0
-11.2803,0.0,0.0,0.0,0.0,0.0,0.0
-11.2303,0.0,0.0,0.0,0.0,0.0,0.0
-11.1803,0.0,0.0,0.0,0.0,0.0,0.0
-11.1303,0.0,0.0,0.0,0.0,0.0,0.0
-11.080300000000001,0.0,0.0,0.0,0.0,0.0,0.0
-11.0303,0.0,0.0,0.0,0.0,0.0,0.0
-10.9803,0.0,0.0,0.0,0.0,0.0,0.0
-10.9303,0.0,0.0,0.0,0.0,0.0,0.0
-10.8803,0.0,0.0,0.0,0.0,0.0,0.0
-10.830300000000001,0.0,0.0,0.0,0.0,0.0,0.0
-10.7803,0.0,0.0,0.0,0.0,0.0,0.0
-10.7303,0.0,0.0,0.0,0.0,0.0,0.0
-10.6803,0.0,0.0,0.0,0.0,0.0,0.0
-10.6303,0.0,0.0,0.0,0.0,0.0,0.0
-10.580300000000001,0.0,0.0,0.0,0.0,0.0,0.0
-10.5303,0.0,0.0,0.0,0.0,0.0,0.0
-10.4803,0.0,0.0,0.0,0.0,0.0,0.0
-10.4303,0.0,0.0,0.0,0.0,0.0,0.0
-10.3803,0.0,0.0,0.0,0.0,0.0,0.0
-10.330300000000001,0.0,0.0,0.0,0.0,0.0,0.0
-10.2803,0.0,0.0,0.0,0.0,0.0,0.0
-10.2303,0.0,0.0,0.0,0.0,0.0,0.0
-10.1803,0.0,0.0,0.0,0.0,0.0,0.0
-10.1303,0.0,0.0,0.0,0.0,0.0,0.0
-10.080300000000001,0.0,0.0,0.0,0.0,0.0,0.0
-10.0303,0.0,0.0,0.0,0.0,0.0,0.0
-9.9803,0.0,0.0,0.0,0.0,0.0,0.0
-9.9303,0.0,0.0,0.0,0.0,0.0,0.0
-9.8803,0.0,0.0,0.0,0.0,0.0,0.0
-9.830300000000001,0.0,0.0,0.0,0.0,0.0,0.0
-9.7803,0.0,0.0,0.0,0.0,0.0,0.0
-9.7303,0.0,0.0,0.0,0.0,0.0,0.0
-9.6803,0.0,0.0,0.0,0.0,0.0,0.0
-9.6303,0.0,0.0,0.0,0.0,0.0,0.0
-9.580300000000001,0.0,0.0,0.0,0.0,0.0,0.0
-9.5303,0.0,0.0,0.0,0.0,0.0,0.0
-9.4803,0.0,0.0,0.0,0.0,0.0,0.0
-9.4303,0.0,0.0,0.0,0.0,0.0,0.0
-9.3803,0.0,0.0,0.0,0.0,0.0,0.0
-9.330300000000001,0.0,0.0,0.0,0.0,0.0,0.0
-9.2803,0.0,0.0,0.0,0.0,0.0,0.0
-9.2303,0.0,0.0,0.0,0.0,0.0,0.0
-9.1803,0.0,0.0,0.0,0.0,0.0,0.0
-9.1303,0.0,0.0,0.0,0.0,0.0,0.0
-9.080300000000001,0.0,0.0,0.0,0.0,0.0,0.0
-9.0303,0.0,0.0,0.0,0.0,0.0,0.0
-8.9803,0.0,8.114953754139908e-09,0.0,-8.114953754139908e-09,0.0,0.0
-8.9303,0.0,0.00037287532005602107,0.0,-0.00037287532005602107,0.0,0.0
-8.8803,0.0,0.013526670305186644,0.0,-0.013526670305186644,0.0,0.0
-8.830300000000001,0.0,0.1908225435001259,0.0,-0.1908225435001259,0.0,0.0
-8.7803,0.0,1.1947014381820527,0.0,-1.1947014381820527,0.0,0.0
-8.7303,0.0,3.8055110955787916,0.0,-3.8055110955787916,0.0,0.0
-8.6803,0.0,7.046967701251188,0.0,-7.046967701251188,0.0,0.0
-8.6303,0.002234971431066187,9.043406281224978,0.0,-9.041171309793912,0.0008545259361463263,1.4484488502053502e-06
-8.580300000000001,0.07655487092220221,10.61446825826431,0.0,-10.537913387342108,0.029264273710547423,4.968362054990398e-05
-8.5303,0.9884401297614221,13.868389687538098,0.0,-12.879949557776676,0.3777136017684424,0.0006430580974936118
-8.4803,5.155233766466743,18.08896658257581,0.0,-12.933732816109067,1.9682330579192577,0.0033746637952535297
-8.4303,12.40226062819913,20.75558658217524,0.0,-8.35332595397611,4.725456820778961,0.008236824493610856
-8.3803,17.57810102496765,21.696270129319732,0.0,-4.118169104352081,6.672010502762945,0.01200274759766531
-8.330300000000001,19.794625123502456,21.456696417992994,0.0,-1.6620712944905378,7.474957376578891,0.014044118527235933
-8.2803,21.058141621837,21.291820466678352,0.0,-0.2336788448413536,7.9115675122976175,0.015595070601801153
-8.2303,21.624529078666612,23.07075940171103,0.0,-1.4462303230444178,8.081958905950021,0.017032409507745327
-8.1803,22.10575158236069,25.36600038379637,0.0,-3.2602488014356794,8.209120604669785,0.018792781921902483
-8.1303,22.68249973354905,25.913855459748383,0.0,-3.2313557261993324,8.362106752571425,0.02032552330262625
-8.080300000000001,23.212424014206405,24.97728261117892,0.0,-1.7648585969725161,8.498624535024117,0.021591608093627278
-8.0303,25.1723453719248,25.27496980668435,0.0,-0.10262443475955152,9.162475258103202,0.024319054652646964
-7.980300000000001,27.024983358943622,28.409466106350756,0.0,-1.3844827474071337,9.787257297064862,0.02736585590322229
-7.930300000000001,27.056897744717805,34.654858070016466,0.0,-7.597960325298661,9.74560868215299,0.02947210964968925
-7.8803,26.63196297855051,41.954646758408536,0.0,-15.322683779858025,9.520951395413146,0.03173796051852381
-7.8303,27.4735653109111,46.17681803906816,0.0,-18.70325272815706,9.72769550187742,0.0358114241543534
-7.7803,30.851382536436017,47.64012084419956,0.0,-16.78873830776354,10.812140490525813,0.04354800915342551
-7.730300000000001,36.80416388133325,49.54050598003963,0.0,-12.73634209870638,12.775395259764473,0.056541192361977355
-7.680300000000001,45.53368664747374,51.48375106773888,0.0,-5.950064420265136,15.67588165908959,0.07536067528884943
-7.6303,52.236839679421124,51.902070526657766,0.0,0.33476915276335717,17.849725716747606,0.0906300620612508
-7.5803,52.79764699103695,53.03451684979548,0.0,-0.2368698587585314,17.88259658840425,0.09467778402449453
-7.5303,53.26754947063401,55.314610959601225,0.0,-2.0470614889672163,17.858913058428396,0.10222665810317098
-7.480300000000001,59.778678687500005,56.890355756301275,0.0,2.8883229311987293,19.838934589920385,0.1329341663818303
-7.430300000000001,69.74709357558004,57.87002802933542,0.0,11.877065546244616,22.941446840108668,0.17961542412002063
-7.3803,73.96296890339757,57.30585877674543,0.0,16.657110126652135,24.163658289362147,0.21086127365498777
-7.3303,69.95692564036204,56.38248763464099,0.0,13.574438005721056,22.76681920733133,0.22646574031038258
-7.2803,66.3562565856289,58.65153243148684,0.0,7.704724154142056,21.477396574234245,0.23985114388199102
-7.230300000000001,66.61697654143664,61.46898588912507,0.0,5.14799065231157,21.395347475627915,0.2540937399903974
-7.180300000000001,65.11957177299143,62.051005175899306,0.0,3.068566597092129,20.794629832349866,0.2742736235567388
-7.1303,63.79675526595681,64.10923462621196,0.0,-0.31247936025514633,20.286748187358285,0.3120025147423984
-7.0803,65.08574381347796,68.09111829732822,0.0,-3.005374483850261,20.566969911910398,0.36565911417928026
-7.0303,69.29851040004391,73.87569418045457,0.0,-4.577183780410664,21.682222647162718,0.4456988862138487
-6.980300000000001,75.21802676837079,80.87954410129224,0.0,-5.6615173329214485,23.29073040022155,0.5577036076228008
-6.930300000000001,78.50074073379531,87.73007174259149,0.0,-9.22933100879618,24.125627583421746,0.6576148847724599
-6.8803,77.76745074086139,94.41362286841326,0.0,-16.646172127551864,23.63318321312628,0.7505224086911613
-6.8303,75.13650459618387,94.47923409455754,0.0,-19.34272949837367,22.603679640584748,0.8379170443507307
-6.7803,71.07391745969804,87.29563778849221,0.0,-16.221720328794177,21.556465440578457,0.9317003466972923
-6.730300000000001,73.17528148691903,83.475860855294,0.0,-10.300579368374969,22.693153650940722,1.1974397151152512
-6.680300000000001,80.64323908661453,86.10551066425012,0.0,-5.46227157763559,25.477658297359177,1.723042519043435
-6.6303,85.83227702793835,93.4881831963532,0.0,-7.655906168414859,27.58539675415998,2.630344780742032
-6.5803,89.39925586665237,101.6858785711475,0.0,-12.28662270449513,29.008952752903355,3.7364928682391776
-6.5303,94.76670631969218,108.33826761359506,0.0,-13.571561293902889,30.802817473684826,4.442648640502776
-6.480300000000001,101.50105232521511,121.59275085114419,0.0,-20.091698525929075,33.4453325060535,4.225606457288086
-6.430300000000001,113.29722803743888,136.1205666196635,0.0,-22.823338582224608,38.280109295586236,3.3975396678288883
-6.3803,125.92484064706309,134.69852193064773,0.0,-8.773681283584637,43.298159465353095,2.6933039637877734
-6.3303,132.3710047358069,129.20981916940877,0.0,3.1611855663981316,45.822360390430916,2.201719205371923
-6.2803,137.48647673393305,137.24985011213437,0.0,0.23662662179867766,47.73543974384251,1.8670270264496323
-6.230300000000001,150.42360255848138,155.96733774573025,0.0,-5.5437351872488705,52.269152862689936,1.7299884832288273
-6.180300000000001,169.63331902742328,176.63785541543746,0.0,-7.0045363880141736,59.07340314395605,1.732800181632936
-6.1303,184.96730520668382,184.8221883698417,0.0,0.14511683684210652,64.78026371896804,1.7171655098789416
-6.0803,192.60921475133802,176.4772472364247,0.0,16.131967514913327,67.68521949719357,1.6732916897514922
-6.0303,200.56840344351633,173.14837478529856,0.0,27.420028658217774,70.44325365262819,1.7611376282845455
-5.980300000000001,191.4928356314841,171.43574634902654,0.0,20.057089282457554,67.13221794590544,1.911446101485783
-5.930300000000001,169.50626482491478,161.30059596261677,0.0,8.205668862298012,58.85762825179624,2.222597216606072
-5.8803,159.8054448346499,146.32939793941497,0.0,13.47604689523493,54.74265801124379,2.829981354515471
-5.8303,162.30950128499853,133.55471757811864,0.0,28.75478370687989,55.068174298383134,3.6921757243626185
-5.7803,168.20128253014957,128.92710263738877,0.0,39.2741798927608,56.6580759821052,4.656471070565328
-5.730300000000001,161.67707589651928,132.68277921916902,0.0,28.994296677350263,54.139488094846826,5.270119685848082
-5.680300000000001,150.81886165610007,130.38266777619455,0.0,20.436193879905517,50.120458988733674,6.4547560542023135
-5.6303,146.21173977351427,120.08731204528212,0.0,26.12442772823215,47.925716507074355,8.835878476460763
-5.5803,143.49780583625244,113.76134210233356,0.0,29.73646373391888,46.29654672992835,10.981722379004324
-5.5303,137.3134811142657,108.90444989215746,0.0,28.40903122210824,44.300537720293896,10.791169617108292
-5.480300000000001,128.19414793749903,101.37813804678596,0.0,26.81600989071306,42.19225540477736,8.523509174204609
-5.430300000000001,122.6385221393175,98.55806137527254,0.0,24.080460764044958,41.316806098232746,6.7571457910212
-5.3803,120.00144109076518,100.6953012355851,0.0,19.306139855180078,41.04582565302125,5.961156079881647
-5.3303,117.84035280255225,100.1302558289255,0.0,17.710096973626747,40.58813134968469,5.421694855003894
-5.2803,119.0177939777683,99.40721626304865,0.0,19.610577714719653,41.42878917064901,4.61192538650814
-5.230300000000001,122.61262347283201,97.8762118662962,0.0,24.73641160653581,43.22306193176019,3.5428020846232706
-5.180300000000001,124.56021951954143,95.17550846435056,0.0,29.384711055190877,44.26881356772708,2.7220031108714746
-5.1303,129.5577197275925,99.33158143507833,0.0,30.22613829251418,46.474203123792655,2.3811377729854915
-5.0803,140.02901199636352,112.17179754847487,0.0,27.85721444788865,50.446880144267354,2.4707137564025006
-5.0303,143.4286000760175,130.60904430886617,0.0,12.819555767151314,51.24847182395857,2.637833334968434
-4.980300000000001,137.1669583295826,152.28252286749006,0.0,-15.11556453790746,47.99996117630336,2.6309884025149097
-4.930300000000001,135.875225050191,169.31671895084693,0.0,-33.44149390065593,46.432204839937214,2.6523575879168786
-4.8803,140.22095134453224,173.24539659594953,0.0,-33.02444525141729,47.19429913501895,2.758374956360395
-4.8303,143.2050950233447,168.88279378633734,0.0,-25.677698762992634,47.58103548996135,2.876886426265177
-4.7803,136.08405055234846,161.02686725471912,0.0,-24.942816702370664,44.40341496328925,2.9068236980299176
-4.730300000000001,123.28732059151037,151.87275117765046,0.0,-28.58543058614009,39.31030605253295,2.912477264403879
-4.680300000000001,113.54250843142458,142.97305574099818,0.0,-29.430547309573598,35.53070297233998,2.9307690010681604
-4.6303,105.50322143018045,133.05705257606382,0.0,-27.55383114588338,32.3756854988938,2.940265431753452
-4.5803,100.28943712945255,130.71371041202434,0.0,-30.42427328257179,30.00001734363356,3.0820418685333317
-4.5303,96.8114049095363,133.30143678154144,0.0,-36.49003187200515,28.555507892313514,3.272599653243453
-4.480300000000001,94.80501684120962,129.20475303065925,0.0,-34.39973618944963,27.91283893181659,3.605355878757587
-4.430300000000001,97.2870009592576,114.94065843461856,0.0,-17.65365747536096,28.370166763607585,3.9934537913604915
-4.3803,96.58098393635133,103.65605680614595,0.0,-7.075072869794624,27.37718125194975,4.043080470250054
-4.3303,91.14727092759458,90.82646676246668,0.0,0.3208041651278961,25.218569547705776,3.9474525294549343
-4.2803,81.69011389462327,73.04078791880255,0.0,8.649325975820716,22.27962793983106,3.7997966525495714
-4.230300000000001,73.38360394438493,57.66767243047087,0.0,15.715931513914057,19.66336532563286,3.8347539674533544
-4.180300000000001,70.78186175987018,49.896919924013794,0.0,20.884941835856388,18.621237390663268,4.123955894626374
-4.1303,68.90617474584951,44.64587656580604,0.0,24.26029818004347,17.873935680950375,4.03289032114459
-4.0803,61.75321463005585,36.20288957208758,0.0,25.550325057968273,16.098087393598703,3.2107243148583695
-4.0303,53.60754274392668,28.144498922885113,0.0,25.463043821041566,14.27170309043716,2.3594646007232534
-3.9803000000000006,47.54798308221331,23.72293618672771,0.0,23.825046895485595,12.96985969454541,1.8327924722451758
-3.9303000000000003,40.973269222224644,22.64812521257984,0.0,18.325144009644806,11.307872769668936,1.4147209807341152
-3.8803000000000005,33.06336836262216,23.03097470710365,0.0,10.032393655518508,8.986983618151678,1.0300526943423571
-3.8303000000000003,25.809899147031857,23.81928950005488,0.0,1.9906096469769778,6.982058786366961,0.7425992550250365
-3.7803000000000004,22.509592937207533,24.49514721271634,0.0,-1.9855542755088074,6.516080406722357,0.6069467135107965
-3.7303000000000006,22.440097950297506,22.103368532101253,0.0,0.3367294181962528,6.9227948727372866,0.5943318344029456
-3.6803000000000003,21.309972356349604,16.424567738957904,0.0,4.8854046173917,6.392521870827898,0.6319804063401462
-3.6303000000000005,18.5370956030808,11.291294707573433,0.0,7.245800895507367,5.28717886841663,0.818104393534685
-3.5803000000000003,17.21622067624545,9.262970149028801,0.0,7.953250527216648,4.6931395980009265,1.6558015766664096
-3.5303000000000004,18.411429825409805,11.509372262158495,0.0,6.90205756325131,4.709036832569341,3.599221570466078
-3.4803000000000006,20.471767721315985,17.240981909458377,0.0,3.230785811857608,4.879357253093262,6.511759805263298
-3.4303000000000003,29.56021491913546,21.844094915721172,0.0,7.716120003414289,6.818414004992919,12.11906784582648
-3.3803000000000005,41.67902837184075,22.67716949567706,0.0,19.00185887616369,10.094766210836953,16.690194991848323
-3.3303000000000003,39.058106681032285,22.13553334567305,0.0,16.922573335359235,10.547191659669565,12.574825800124003
-3.2803000000000004,30.927393434134558,22.138073157273247,0.0,8.78932027686131,9.240197700162526,7.440934845427984
-3.2303000000000006,24.844285128859973,23.291150188415205,0.0,1.5531349404447674,8.114194887275762,4.449485519388228
-3.1803000000000003,23.884088801654226,23.534143394453235,0.0,0.3499454072009911,9.083064445287068,2.932012596133392
-3.1303000000000005,26.39372632899726,21.1946810877421,0.0,5.19904524125516,11.601118608963443,3.130116110946117
-3.0803000000000003,27.092264526547226,19.588961414682174,0.0,7.503303111865051,12.701434384792481,3.6067047407377193
-3.0303000000000004,27.257892771474943,20.759242316846084,0.0,6.498650454628859,12.490278722622048,4.241117055579549
-2.9803000000000006,31.23115260278019,23.58857508686277,0.0,7.6425775159174165,13.191527966818626,6.274961812999788
-2.9303000000000003,37.753911258037355,25.639659924809685,0.0,12.11425133322767,14.94272060805444,9.674788952867797
-2.8803000000000005,40.088185924277894,24.600410622991856,0.0,15.487775301286039,15.98192275330306,11.135020055872818
-2.8303000000000003,34.53760128222372,21.777622699326557,0.0,12.759978582897162,15.05128042065906,8.40667126296488
-2.7803000000000004,27.39417677407949,21.173930113727394,0.0,6.220246660352096,13.547606937746849,4.862678180337392
-2.7303000000000006,25.845401655729358,22.684409485776534,0.0,3.1609921699528236,13.883255224111839,3.467870803709247
-2.6803000000000003,28.942647130744202,21.98453978555641,0.0,6.958107345187791,15.502528748552038,4.273104021869889
-2.6303000000000005,32.17436608728581,20.573689624012253,0.0,11.600676463273558,16.52198282053702,6.211388192933883
-2.5803000000000003,34.57352983626615,22.988606374708308,0.0,11.584923461557839,16.88566492404225,8.311483169230844
-2.5303000000000004,35.5292109165417,26.783002696689966,0.0,8.746208219851734,17.071761163280964,9.022268896556414
-2.4803000000000006,31.74418663839497,28.41633999193172,0.0,3.32784664646325,16.27475577715119,6.556195994981065
-2.4303000000000003,29.670242650547927,28.02431535110812,0.0,1.6459272994398049,16.346617411262162,4.69487882430268
-2.3803000000000005,31.416179449694255,26.31219611988484,0.0,5.103983329809413,17.45519129625609,5.353020693319193
-2.3303000000000003,33.671369741271945,25.01434408558318,0.0,8.657025655688766,18.398891945241502,6.791670805296118
-2.2803000000000004,36.61169060486543,24.18403803805087,0.0,12.427652566814562,19.7204351594529,7.995734042831966
-2.2303000000000006,40.747151493849316,24.16570494971329,0.0,16.581446544136025,21.587306359451375,9.262887966046645
-2.1803000000000003,42.088525461265576,25.473579561977733,0.0,16.614945899287843,22.0603398134944,9.863335485347644
-2.1303000000000005,39.5274525623392,27.417330498800283,0.0,12.110122063538917,21.09218572595927,9.173745306960324
-2.0803000000000003,38.82104704144791,28.603355036140513,0.0,10.217692005307399,21.49680269594686,8.516204511629038
-2.0303000000000004,41.657329332376975,28.445176263359482,0.0,13.212153069017493,23.34537872293462,8.80703145721263
-1.9803000000000006,43.386074881059635,27.65793547737242,0.0,15.728139403687216,24.017319795845616,9.277213357235144
-1.9303000000000003,43.12694599745913,26.360308419878354,0.0,16.766637577580777,23.747421798483888,9.312867584495365
-1.8803000000000005,42.30427365056782,25.78456585445297,0.0,16.51970779611485,23.761342575124708,8.79451768164084
-1.8303000000000003,40.79409088596475,27.04816593073023,0.0,13.745924955234518,23.617081821986766,7.948431574588254
-1.7803000000000004,39.32378016463066,29.07926484547176,0.0,10.244515319158904,23.432058661716052,7.042878028593066
-1.7303000000000006,39.88257381111457,31.13168478122746,0.0,8.750889029887109,23.950650060386685,6.9671561518033585
-1.6803000000000003,43.74424272918873,34.53339626528487,0.0,9.210846463903856,25.83390646761343,8.305282526480083
-1.6303000000000005,49.18353551092153,40.67349209250307,0.0,8.510043418418462,28.366344547161404,10.394548831240893
-1.5803000000000003,51.622180993859914,47.70139446868801,0.0,3.9207865251719056,29.294337812734746,11.553567334435325
-1.5303000000000004,50.500250175802904,52.94337663176846,0.0,-2.4431264559655546,29.11838840601523,10.84788901531715
-1.4803000000000006,49.592531977424485,55.6170837602255,0.0,-6.024551782801012,30.224475603972785,8.728496740956937
-1.4303000000000003,51.052232000045365,54.6732119927731,0.0,-3.620979992727733,33.00817114280338,6.407020276531426
-1.3803000000000005,56.15537866464614,51.89654756166876,0.0,4.258831102977382,37.6984849276658,5.120196666343002
-1.3303000000000003,60.254342053942665,51.83312726342379,0.0,8.421214790518874,41.105240221442706,4.772986716473021
-1.2803000000000004,60.24416838702837,55.00577614528122,0.0,5.23839224174715,41.49353196176737,4.6320554851127635
-1.2303000000000006,61.01695566869353,58.50153808730539,0.0,2.515417581388135,42.47406088055271,4.502700321105663
-1.1803000000000003,60.30207133831634,63.50368117022675,0.0,-3.2016098319104103,42.52927900835539,4.032658645691731
-1.1303000000000005,60.99290611836916,70.98512209793934,0.0,-9.992215979570176,43.49679685354622,3.8293385392982726
-1.0803000000000003,62.533330527131014,73.81210075227628,0.0,-11.278770225145266,44.55194512481317,4.194220097611393
-1.0303000000000004,64.11090353905183,66.48619236253161,0.0,-2.375288823479778,45.24654941430711,4.816379444814969
-0.9803000000000006,66.41201545338768,57.9584636973472,0.0,8.453551756040483,46.78487991784061,5.213732625364814
-0.9303000000000003,66.80869478066782,54.21035527166304,0.0,12.59833950900478,47.4818663163249,5.028343712395543
-0.8803000000000005,66.90371645408305,53.34914609614284,0.0,13.554570357940214,48.31419137322325,4.451730079814743
-0.8303000000000003,66.4472462669,54.56775096226453,0.0,11.879495304635462,48.784433837399746,3.6931934309980186
-0.7803000000000004,63.30143496302458,56.82961737748956,0.0,6.471817585535021,47.1401428140431,2.787533969771773
-0.7303000000000006,61.205195872861225,56.4729743193999,0.0,4.732221553461322,46.419732767732654,2.0326278481565003
-0.6803000000000003,61.5173486086551,52.225040631412966,0.0,9.292307977242132,47.37806916546623,1.5964265184911917
-0.6303000000000005,62.6598138892796,49.39483249759414,0.0,13.26498139168546,48.419945478800244,1.4002199256598278
-0.5803000000000003,61.791502358298345,56.5263327467739,0.0,5.265169611524442,47.633030098227195,1.27252478817947
-0.5303000000000004,59.02232713761806,66.65895890632254,0.0,-7.636631768704476,45.41534498630732,1.1049282978016763
-0.4803000000000006,58.89626544637391,63.664002517642196,0.0,-4.767737071268286,45.23681530863209,0.9845458846446303
-0.4303000000000008,64.75236570126336,53.627947070954654,0.0,11.124418630308703,49.44996149682949,1.014418387107054
-0.3803000000000001,72.67068983594193,51.44301278429842,0.0,21.22767705164351,54.924625673748096,1.066983710326761
-0.33030000000000026,74.9938535773159,60.55395933918934,0.0,14.439894238126563,56.20672911135509,0.9764642064378211
-0.28030000000000044,72.84141725537279,74.45742962589193,0.0,-1.6160123705191438,54.42537961954041,0.8261665556068203
-0.23030000000000062,74.0548805894287,76.33402505078737,0.0,-2.279144461358669,55.26766672305305,0.7542808632515958
-0.1803000000000008,75.76317475008773,62.34644920162464,0.0,13.416725548463091,56.569029950451224,0.7200387333912235
-0.13030000000000008,72.39867013624638,52.65995399477822,0.0,19.73871614146816,54.179559549473076,0.6509277732669679
-0.08030000000000026,68.97001455476627,55.132142382197735,0.0,13.837872172568531,51.820808788136844,0.604060462429332
-0.030300000000000438,67.59019948179743,64.83824402057957,0.0,2.751955461217861,51.08338894898847,0.5918701275699729
0.019699999999999385,65.17768868390351,80.92545182013596,0.0,-15.74776313623245,49.48470491328453,0.5663536254720023
0.06969999999999921,66.98155250116372,96.79322972560983,0.0,-29.811677224446115,51.020688788587364,0.5728537237905962
0.11969999999999992,72.84681794984533,100.58266165891722,0.0,-27.735843709071887,55.66240866502393,0.6138600197184103
0.16969999999999974,78.18338672141977,90.9682732529227,0.0,-12.784886531502934,59.98212418275969,0.6626818276319683
0.21969999999999956,83.37990853297433,81.81642265619482,0.0,1.5634858767795095,64.56592364968046,0.7141331087240035
0.2696999999999994,87.49109968401902,80.9777372475399,0.0,6.513362436479113,68.43311605300771,0.7420536603684796
0.3196999999999992,87.40150769318538,81.57499012930627,0.0,5.826517563879108,68.57473569532289,0.7235603682039904
0.3696999999999999,84.95937315110956,77.49540019316288,0.0,7.46397295794668,66.49379075767908,0.675277281202644
0.41969999999999974,84.46619471118774,73.81524202942937,0.0,10.650952681758369,66.07666776643987,0.6514673213756477
0.46969999999999956,82.10577892684998,75.85172554125022,0.0,6.254053385599761,64.1811989919267,0.6309818950235234
0.5196999999999994,74.26895100762769,78.19578059357835,0.0,-3.9268295859506566,57.70576077477075,0.5689835762813331
0.5696999999999992,68.46288953923346,75.6199722193305,0.0,-7.157082680097048,52.84226852232564,0.5330720698076059
0.6196999999999999,69.2413372122165,71.55700554812974,0.0,-2.3156683359132444,53.46857150849557,0.559417046329606
0.6696999999999997,69.66176738660005,70.82674684768456,0.0,-1.1649794610845134,54.031709606071885,0.5876859397855778
0.7196999999999996,68.74763232944854,74.44290237273032,0.0,-5.695270043281781,53.54790956852162,0.6185994750547043
0.7696999999999994,70.51570431629169,78.8196930143849,0.0,-8.303988698093207,55.11087920835601,0.7007113886639701
0.8196999999999992,73.9751219541476,83.45469698104895,0.0,-9.479575026901358,57.8778117596632,0.8661738768200897
0.8696999999999999,79.8157639721851,91.22482263657449,0.0,-11.409058664389391,62.62464876702381,1.1451824671528705
0.9196999999999997,89.68221479549265,107.01870542775302,0.0,-17.336490632260364,70.73612442667226,1.509906258201857
0.9696999999999996,98.28316774258673,129.05222205919293,0.0,-30.7690543166062,77.67425360612154,1.8298346196017174
1.0196999999999994,103.07871645192049,144.42560168268233,0.0,-41.34688523076184,81.39098854234348,2.0565843877966765
1.0696999999999992,110.71341234715288,142.746296990288,0.0,-32.032884643135105,87.30615289278202,2.2638602733652675
1.1197,123.66019840027494,132.71516086993873,0.0,-9.054962469663792,97.28870266764008,2.44125843410146
1.1696999999999997,133.55943508980522,132.50942869241413,0.0,1.050006397391087,104.71081521831974,2.514385565649074
1.2196999999999996,136.73919707255502,138.45100025207807,0.0,-1.7118031795230593,106.74278867318229,2.492752873775732
1.2696999999999994,133.2911601158506,139.39064712108328,0.0,-6.099487005232675,103.50739242093348,2.411922454954838
1.3196999999999992,134.7865146916177,138.96901030867903,0.0,-4.182495617061335,103.89122619012886,2.580276858396175
1.3697,148.46127321533567,144.80958362980377,0.0,3.651689585531898,113.67547799161235,3.1800831935177976
1.4196999999999997,158.9749623270043,152.08662384459421,0.0,6.8883384824100915,121.39575667214078,3.6503358789504827
1.4696999999999996,159.7492899903434,162.80218838194529,0.0,-3.0528983916018717,121.78160150167383,3.6421987148855095
1.5196999999999994,158.3604869475235,184.67145382789982,0.0,-26.310966880376327,121.15888373178417,3.463626230646968
1.5696999999999992,170.34536897919386,208.26217059364205,0.0,-37.91680161444819,131.8776879181845,3.5050924634706964
1.6197,194.49510198529677,205.54671060950918,0.0,-11.051608624212406,152.34188255526277,3.650699390776902
1.6696999999999997,203.4835027554227,170.5477240550816,0.0,32.9357787003411,160.14196500457413,3.5156724408737974
1.7196999999999996,190.52499040855736,135.19188847112062,0.0,55.33310193743674,149.09562611722612,3.252088025799104
1.7696999999999994,167.28751561086892,121.08161527596114,0.0,46.20590033490778,128.65525899530596,2.994948125293842
1.8196999999999992,147.02919707094514,136.32815555982816,0.0,10.701041511116983,110.59020886145497,2.8331802106768844
1.8697,137.5746084470424,179.04035802403394,0.0,-41.46574957699153,101.59024608002822,2.8800533307047247
1.9196999999999997,146.11113900948214,216.72341500222626,0.0,-70.61227599274412,106.9195255881877,3.2488747727479668
1.9696999999999996,165.57864163462926,212.39855245064112,0.0,-46.819910816011856,120.96564296587681,3.7976533815163958
2.0196999999999994,173.31186597061298,174.70803094848478,0.0,-1.3961649778717913,126.85488884068175,3.990509121846104
2.069699999999999,161.6617196775612,132.5236840656633,0.0,29.13803561189789,118.66786736760793,3.910028760398112
2.1197,147.30740914629996,87.08642013177823,0.0,60.220989014521734,108.65406283580083,3.804178713699335
2.1696999999999997,136.30352970529034,40.19521031237176,0.0,96.10831939291859,101.20950668107723,3.3709341254899226
2.2196999999999996,104.81926243693817,11.52395240691682,0.0,93.29531003002135,77.88388070124853,2.355742369583801
2.2696999999999994,51.85515431202187,0.0,0.0,51.85515431202187,38.32898685792853,1.0667741683814493
2.319699999999999,16.111002353103448,0.0,0.0,16.111002353103448,11.807346338262967,0.29820189915308637
