Energy_minus_Ef,Total_DOS_Combi,Total_DOS_Slab,Total_DOS_Ads,Delta_DOS,Sc_d_proj,S_p_proj
-14.1065,0.04840508555338572,0.0,0.0,0.04840508555338572,0.00020715409353532744,5.484163004779446e-06
-14.0565,0.6030549441783405,0.0,0.0,0.6030549441783405,0.002574991691175679,6.863296262454185e-05
-14.0065,3.0930362940308465,0.4483940957888364,0.0,2.64464219824201,0.013134205184992278,0.0003558764738836623
-13.9565,7.1806382600593865,2.378250587093902,0.0,4.802387672965485,0.030124851947416896,0.000845906501640967
-13.906500000000001,9.656251905799664,5.954455685110931,0.0,3.701796220688733,0.03974566450926287,0.0011807988403970595
-13.8565,10.502361658073436,9.003713574231877,0.0,1.4986480838415588,0.04269588658198026,0.001325534330823582
-13.8065,11.10571052615909,10.629738474894895,0.0,0.4759720512641952,0.04575156648116337,0.0014098828112203516
-13.7565,11.419467419942073,11.306840832440416,0.0,0.11262658750165677,0.0493012958687507,0.001426735109093272
-13.7065,11.914767092846246,11.712013439973838,0.0,0.2027536528724081,0.05595166156321879,0.0014645001258499898
-13.656500000000001,12.65062835186264,12.3489500531391,0.0,0.30167829872353913,0.06652737756928741,0.0015625132507849136
-13.6065,13.038412507262155,12.840189587407322,0.0,0.19822291985483353,0.07751136405259074,0.0016095749246157328
-13.5565,12.974620799992667,12.68735495769922,0.0,0.2872658422934471,0.08805035266890159,0.0015741340995521543
-13.5065,13.397926823225362,12.539714755717338,0.0,0.858212067508024,0.11164447720424292,0.0016134725297110566
-13.4565,15.133126081633732,13.44788398572829,0.0,1.6852420959054424,0.1929039658295844,0.0019024802677498546
-13.406500000000001,19.509890669635,16.33664337160203,0.0,3.173247298032969,0.4523104219051596,0.002711741929457366
-13.3565,26.009878397491967,20.527713245191254,0.0,5.482165152300713,0.8920188946147541,0.0039718407470532395
-13.3065,29.941424376577643,24.417399421023966,0.0,5.524024955553678,1.2395473751314348,0.004794471862442857
-13.2565,31.260062071506034,28.283990155530958,0.0,2.9760719159750764,1.4017074171728745,0.0048943740393494976
-13.2065,32.951224423462975,31.324357716520534,0.0,1.6268667069424403,1.5306029421391363,0.00478064333491913
-13.156500000000001,36.615309289270755,34.13674316213149,0.0,2.478566127139267,1.8947202720948684,0.004782414957766237
-13.1065,44.94765654936141,41.475402354675516,0.0,3.4722541946858954,3.3366816216861617,0.0049519135781054945
-13.0565,68.89136247205595,60.276555338539296,0.0,8.61480713351665,7.8005116823235605,0.006636018343288835
-13.0065,106.57551492883661,89.29902654348511,0.0,17.2764883853515,14.631717759591327,0.012401973053075374
-12.9565,123.9055176001918,115.42093070300984,0.0,8.484586897181956,18.175210952236387,0.020286847804928176
-12.906500000000001,112.40695149126304,131.1834054129228,0.0,-18.776453921659765,16.549799152629628,0.024282040814919498
-12.8565,96.13455341235817,138.48764563515437,0.0,-42.35309222279619,13.557219216693898,0.021805568187200634
-12.8065,98.89445374870056,140.1836591872147,0.0,-41.28920543851413,13.0187967664958,0.01719718848531917
-12.7565,119.96987555486342,139.6725843134486,0.0,-19.702708758585175,14.948443636408754,0.01725276568596186
-12.7065,123.74229357184439,130.50674139894573,0.0,-6.76444782710135,14.549954749701232,0.020639605014728116
-12.656500000000001,111.40356187906016,114.29178430872959,0.0,-2.888222429669426,12.058469039370012,0.023308813976260785
-12.6065,109.30896442821509,108.70976848103935,0.0,0.599195947175744,10.780418321784232,0.026036207172533875
-12.5565,111.53974204918535,112.55767550089902,0.0,-1.0179334517136738,10.715700977206223,0.032838580745222744
-12.5065,106.15706857818779,108.31198622162373,0.0,-2.1549176434359367,11.637773447179732,0.049123760688567525
-12.4565,97.92227904489052,98.00362413467909,0.0,-0.08134508978857014,13.08338237389668,0.07639230861093402
-12.406500000000001,97.32984239824981,97.51855953532429,0.0,-0.18871713707447668,14.056738783081524,0.10971708132703684
-12.3565,113.28382710994123,110.20639360950923,0.0,3.0774335004319937,15.77811308778444,0.15998680087146605
-12.3065,126.91473773797404,122.01174047902761,0.0,4.902997258946428,16.58169814387303,0.23015493879503351
-12.2565,128.0732341140612,123.1150973115562,0.0,4.958136802504995,15.349274840838468,0.2913066550644472
-12.2065,121.15183635335822,119.57549077803313,0.0,1.5763455753250923,12.848096863208326,0.38732080439464306
-12.156500000000001,106.60622240541531,121.99825368828765,0.0,-15.392031282872338,9.543534713999147,0.8174346831961739
-12.1065,96.03385590530326,129.7821764824347,0.0,-33.74832057713144,6.831284421807027,1.9064293138764956
-12.0565,86.93952002738473,127.25898623675481,0.0,-40.31946620937008,4.934392758511803,2.6143627485811947
-12.0065,74.06583288580357,105.76833476022695,0.0,-31.702501874423376,3.4531558082350617,1.7468241574227812
-11.9565,60.07645241813812,77.19821248878507,0.0,-17.121760070646957,2.2874911713883384,0.6942551164735953
-11.906500000000001,37.308512706909255,53.742021659790765,0.0,-16.43350895288151,1.1764835053206892,0.24047986862675852
-11.8565,13.544269583608934,33.67502437537171,0.0,-20.13075479176278,0.3677535281256752,0.06458079655987145
-11.8065,2.383472659743685,15.392174021051925,0.0,-13.00870136130824,0.05890061982281257,0.009671116340984501
-11.7565,0.17734599198312942,4.259394929921168,0.0,-4.082048937938039,0.0041834708457226255,0.0006653516384025496
-11.7065,0.005045414547975764,0.6245097651542058,0.0,-0.61946435060623,0.00011544765001766085,1.796140812954449e-05
-11.656500000000001,0.0,0.042267794961831584,0.0,-0.042267794961831584,0.0,0.0
-11.6065,0.0,0.0011284865928763818,0.0,-0.0011284865928763818,0.0,0.0
-11.5565,0.0,0.0,0.0,0.0,0.0,0.0
-11.5065,0.0,0.0,0.0,0.0,0.0,0.0
-11.4565,0.0,0.0,0.0,0.0,0.0,0.0
-11.406500000000001,0.0,0.0,0.0,0.0,0.0,0.0
-11.3565,0.0,0.0,0.0,0.0,0.0,0.0
-11.3065,0.0,0.0,0.0,0.0,0.0,0.0
-11.2565,0.0,0.0,0.0,0.0,0.0,0.0
-11.2065,0.0,0.0,0.0,0.0,0.0,0.0
-11.156500000000001,0.0,0.0,0.0,0.0,0.0,0.0
-11.1065,0.0,0.0,0.0,0.0,0.0,0.0
-11.0565,0.0,0.0,0.0,0.0,0.0,0.0
-11.0065,0.0,0.0,0.0,0.0,0.0,0.0
-10.9565,0.0,0.0,0.0,0.0,0.0,0.0
-10.906500000000001,0.0,0.0,0.0,0.0,0.0,0.0
-10.8565,0.0,0.0,0.0,0.0,0.0,0.0
-10.8065,0.0,0.0,0.0,0.0,0.0,0.0
-10.7565,0.0,0.0,0.0,0.0,0.0,0.0
-10.7065,0.0,0.0,0.0,0.0,0.0,0.0
-10.656500000000001,0.0,0.0,0.0,0.0,0.0,0.0
-10.6065,0.0,0.0,0.0,0.0,0.0,0.0
-10.5565,0.0,0.0,0.0,0.0,0.0,0.0
-10.5065,0.0,0.0,0.0,0.0,0.0,0.0
-10.4565,0.0,0.0,0.0,0.0,0.0,0.0
-10.406500000000001,0.0,0.0,0.0,0.0,0.0,0.0
-10.3565,0.0,0.0,0.0,0.0,0.0,0.0
-10.3065,0.0,0.0,0.0,0.0,0.0,0.0
-10.2565,0.0,0.0,0.0,0.0,0.0,0.0
-10.2065,0.0,0.0,0.0,0.0,0.0,0.0
-10.156500000000001,0.0,0.0,0.0,0.0,0.0,0.0
-10.1065,0.0,0.0,0.0,0.0,0.0,0.0
-10.0565,0.0,0.0,0.0,0.0,0.0,0.0
-10.0065,0.0,0.0,0.0,0.0,0.0,0.0
-9.9565,0.0,0.0,0.0,0.0,0.0,0.0
-9.9065,0.0,0.0,0.0,0.0,0.0,0.0
-9.8565,0.0,0.0,0.0,0.0,0.0,0.0
-9.8065,0.0,0.0,0.0,0.0,0.0,0.0
-9.7565,0.0,0.0,0.0,0.0,0.0,0.0
-9.7065,0.0,0.0,0.0,0.0,0.0,0.0
-9.6565,0.0,0.0,0.0,0.0,0.0,0.0
-9.6065,0.0,0.0,0.0,0.0,0.0,0.0
-9.5565,0.0,0.0,0.0,0.0,0.0,0.0
-9.5065,0.0,0.0,0.0,0.0,0.0,0.0
-9.4565,0.0,0.0,0.0,0.0,0.0,0.0
-9.4065,0.0,0.0,0.0,0.0,0.0,0.0
-9.3565,0.0,0.0,0.0,0.0,0.0,0.0
-9.3065,0.0,0.0,0.0,0.0,0.0,0.0
-9.2565,0.0,0.0,0.0,0.0,0.0,0.0
-9.2065,0.0,0.0,0.0,0.0,0.0,0.0
-9.1565,0.0,0.0,0.0,0.0,0.0,0.0
-9.1065,0.0,0.0,0.0,0.0,0.0,0.0
-9.0565,0.0,0.0,0.0,0.0,0.0,0.0
-9.0065,0.0,0.0,0.0,0.0,0.0,0.0
-8.9565,0.0,0.0,0.0,0.0,0.0,0.0
-8.9065,0.0,0.0,0.0,0.0,0.0,0.0
-8.8565,0.0,0.0,0.0,0.0,0.0,0.0
-8.8065,0.0,0.0,0.0,0.0,0.0,0.0
-8.7565,0.0,0.0,0.0,0.0,0.0,0.0
-8.7065,0.0,0.0,0.0,0.0,0.0,0.0
-8.6565,0.0,0.0,0.0,0.0,0.0,0.0
-8.6065,0.0,0.0,0.0,0.0,0.0,0.0
-8.5565,0.0,0.0,0.0,0.0,0.0,0.0
-8.5065,0.0,0.0,0.0,0.0,0.0,0.0
-8.4565,0.0,0.0,0.0,0.0,0.0,0.0
-8.4065,0.0,0.0,0.0,0.0,0.0,0.0
-8.3565,0.0,0.0,0.0,0.0,0.0,0.0
-8.3065,0.0,0.0,0.0,0.0,0.0,0.0
-8.2565,0.0,0.0,0.0,0.0,0.0,0.0
-8.2065,0.0,0.0,0.0,0.0,0.0,0.0
-8.1565,0.0,0.0,0.0,0.0,0.0,0.0
-8.1065,0.0,0.0,0.0,0.0,0.0,0.0
-8.0565,0.0,0.0,0.0,0.0,0.0,0.0
-8.0065,0.0,0.0,0.0,0.0,0.0,0.0
-7.9565,0.0,0.0,0.0,0.0,0.0,0.0
-7.906499999999999,0.0,0.0,0.0,0.0,0.0,0.0
-7.8565000000000005,0.0,0.0,0.0,0.0,0.0,0.0
-7.8065,0.0,0.0,0.0,0.0,0.0,0.0
-7.756500000000001,0.0,0.0,0.0,0.0,0.0,0.0
-7.7065,0.0,0.0,0.0,0.0,0.0,0.0
-7.656499999999999,0.0,0.0,0.0,0.0,0.0,0.0
-7.6065000000000005,0.0,0.0,0.0,0.0,0.0,0.0
-7.5565,0.0,0.0,0.0,0.0,0.0,0.0
-7.506500000000001,0.0,0.0,0.0,0.0,0.0,0.0
-7.4565,0.0,0.0,0.0,0.0,0.0,0.0
-7.406499999999999,0.0,0.0,0.0,0.0,0.0,0.0
-7.3565000000000005,0.0,0.0,0.0,0.0,0.0,0.0
-7.3065,0.0,0.0,0.0,0.0,0.0,0.0
-7.256500000000001,0.0,0.0,0.0,0.0,0.0,0.0
-7.2065,0.0,0.0,0.0,0.0,0.0,0.0
-7.156499999999999,0.0,0.0,0.0,0.0,0.0,0.0
-7.1065000000000005,0.0,0.0,0.0,0.0,0.0,0.0
-7.0565,0.0,0.0,0.0,0.0,0.0,0.0
-7.006500000000001,0.0,0.0,0.0,0.0,0.0,0.0
-6.9565,0.0,0.0,0.0,0.0,0.0,0.0
-6.906499999999999,0.0,0.0,0.0,0.0,0.0,0.0
-6.8565000000000005,0.0,0.0,0.0,0.0,0.0,0.0
-6.8065,0.0,0.0,0.0,0.0,0.0,0.0
-6.756500000000001,0.0,0.0,0.0,0.0,0.0,0.0
-6.7065,0.0,0.0,0.0,0.0,0.0,0.0
-6.656499999999999,0.0,0.0,0.0,0.0,0.0,0.0
-6.6065000000000005,0.0,0.0,0.0,0.0,0.0,0.0
-6.5565,0.0,0.0,0.0,0.0,0.0,0.0
-6.506500000000001,0.0,0.0,0.0,0.0,0.0,0.0
-6.4565,0.0,0.0,0.0,0.0,0.0,0.0
-6.406499999999999,0.0,0.0,0.0,0.0,0.0,0.0
-6.3565000000000005,0.0,0.0,0.0,0.0,0.0,0.0
-6.3065,0.0,0.0,0.0,0.0,0.0,0.0
-6.256500000000001,0.0,0.0,0.0,0.0,0.0,0.0
-6.2065,0.0,0.0,0.0,0.0,0.0,0.0
-6.156499999999999,0.0,0.0,0.0,0.0,0.0,0.0
-6.1065000000000005,0.0,0.0,0.0,0.0,0.0,0.0
-6.0565,0.0,0.0,0.0,0.0,0.0,0.0
-6.0065,0.0,0.0,0.0,0.0,0.0,0.0
-5.9565,0.0,0.0,0.0,0.0,0.0,0.0
-5.906499999999999,0.0,0.0,0.0,0.0,0.0,0.0
-5.8565000000000005,0.0,0.0,0.0,0.0,0.0,0.0
-5.8065,0.0,0.0,0.0,0.0,0.0,0.0
-5.7565,0.0,0.0,0.0,0.0,0.0,0.0
-5.7065,0.0,0.0,0.0,0.0,0.0,0.0
-5.656499999999999,0.0,0.0,0.0,0.0,0.0,0.0
-5.6065000000000005,0.0,0.0,0.0,0.0,0.0,0.0
-5.5565,0.0,0.0,0.0,0.0,0.0,0.0
-5.5065,0.0,0.0,0.0,0.0,0.0,0.0
-5.4565,0.0,0.0,0.0,0.0,0.0,0.0
-5.406499999999999,0.0,0.0,0.0,0.0,0.0,0.0
-5.3565000000000005,0.0,0.0,0.0,0.0,0.0,0.0
-5.3065,0.0,0.0,0.0,0.0,0.0,0.0
-5.2565,0.0,0.0,0.0,0.0,0.0,0.0
-5.2065,0.0,0.0,0.0,0.0,0.0,0.0
-5.156499999999999,0.0,0.0,0.0,0.0,0.0,0.0
-5.1065000000000005,0.0,0.0,0.0,0.0,0.0,0.0
-5.0565,0.0,0.0,0.0,0.0,0.0,0.0
-5.0065,0.0019405440569137554,0.0,0.0,0.0019405440569137554,0.0005706002511074131,6.93911788627436e-06
-4.9565,0.067554226855976,0.002308444443979672,0.0,0.06524578241199633,0.01985116894760226,0.0002419438457136397
-4.906499999999999,0.8952542921308131,0.07966878610514108,0.0,0.815585506025672,0.26279809502180185,0.0032136167037659985
-4.8565000000000005,4.951393338035577,1.0412274160969386,0.0,3.9101659219386384,1.4498965614835422,0.01784964374802494
-4.8065,13.208375737238555,5.583042386670835,0.0,7.62533335056772,3.848709455556837,0.04779538706899816
-4.7565,20.894701633225033,14.109741709018653,0.0,6.78495992420638,6.039830966750667,0.07512620019456248
-4.7065,24.56754635893506,21.041859573570612,0.0,3.5256867853644493,7.027169526822983,0.08642798701867146
-4.656499999999999,26.215362246903055,24.191124996915324,0.0,2.0242372499877312,7.412231288233824,0.0901612821775574
-4.6065000000000005,27.527099181006825,26.593162895166973,0.0,0.9339362858398523,7.693252940677969,0.09298541193873941
-4.5565,28.18611450610871,29.070279014316554,0.0,-0.8841645082078458,7.785553123595956,0.09481786705081206
-4.5065,28.98965883294975,30.48548446122059,0.0,-1.4958256282708398,7.91224366801319,0.1012045047613748
-4.4565,30.1968298914977,31.54178489033974,0.0,-1.3449549988420415,8.138582934468989,0.10997124053583077
-4.406499999999999,31.535467283633842,32.23915905924439,0.0,-0.703691775610551,8.382697540095062,0.12013747147801554
-4.3565000000000005,32.98717905345087,32.28271389661345,0.0,0.7044651568374221,8.649915444480774,0.13745684325836033
-4.3065,33.7870909797913,31.274591986451664,0.0,2.512498993339637,8.747412858913385,0.16030501048033086
-4.2565,35.18392312675298,31.205718134857378,0.0,3.978204991895602,8.982809280129594,0.2013393981377788
-4.2065,37.97536746219001,32.803153647273575,0.0,5.172213814916432,9.544326811301588,0.28787227122669834
-4.156499999999999,42.63574049322568,36.45582523190416,0.0,6.179915261321526,10.524714801221648,0.47423041117028275
-4.1065000000000005,52.042867260932965,43.275610441319415,0.0,8.76725681961355,12.618230320539244,0.8505044913095686
-4.0565,64.45423957947948,53.377518341726486,0.0,11.076721237752992,15.379099606670062,1.3737669870638545
-4.0065,73.10556264361281,63.81947669275827,0.0,9.286085950854542,17.150102019243395,1.7794629925802168
-3.9565,81.12438640476616,73.33475792955335,0.0,7.789628475212808,18.658529081078242,2.0617085229900085
-3.9065000000000003,94.92809101604331,85.18098070464087,0.0,9.747110311402437,21.410493294560922,2.3678306626377412
-3.8565,104.98746333257378,92.66373535986364,0.0,12.323727972710145,23.239100225912196,2.872873544825508
-3.8064999999999998,103.84618322052279,92.56183247180165,0.0,11.284350748721138,22.185898213620746,4.817507345821417
-3.7565,100.0429058872482,92.29860570182973,0.0,7.744300185418467,20.14587017931519,8.51685147766133
-3.7065,95.6844682060828,89.68631644519908,0.0,5.998151760883715,18.305398123790326,10.68782447987191
-3.6565000000000003,91.63990315866991,84.68811329564798,0.0,6.951789863021929,17.392399958479174,8.64794022995245
-3.6065,96.60132236672683,81.79564408446014,0.0,14.805678282266697,18.437249552999273,5.610086429242852
-3.5564999999999998,102.78554818849514,82.2327658102349,0.0,20.552782378260247,19.423631000377306,3.490877315696161
-3.5065,104.24428655233578,80.82868480194733,0.0,23.415601750388447,19.39344250311474,2.21558023724591
-3.4565,110.15468381402289,79.43065355545265,0.0,30.724030258570238,20.249106026858044,1.786658495644191
-3.4065000000000003,108.82714829361652,81.10872145960585,0.0,27.71842683401067,20.33589025523669,1.5354255349919592
-3.3565,95.33819566866438,83.14418573524384,0.0,12.194009933420546,18.27900538995174,1.1575546328948563
-3.3064999999999998,88.38622670319623,82.54739780193971,0.0,5.8388289012565195,16.845871146312803,0.9352499822306782
-3.2565,88.61458614821771,79.6026604689828,0.0,9.011925679234906,16.334936188705196,0.914093441327205
-3.2065,88.90680826449777,78.58822752249243,0.0,10.318580742005338,15.64940669956672,0.9178415592360863
-3.1565000000000003,94.54815382026517,81.20246979751343,0.0,13.34568402275174,15.964811987859449,0.978497119946492
-3.1065,106.93423113333742,86.8578510360397,0.0,20.076380097297715,17.30682002686786,1.146917408353016
-3.0564999999999998,104.35244043622166,92.79025556808004,0.0,11.562184868141614,16.557987830426857,1.3683145483868135
-3.0065,78.84428521611727,87.4416870230546,0.0,-8.597401806937327,13.126250456089476,1.835451006333051
-2.9565,57.816424611429014,68.94242027898323,0.0,-11.125995667554221,10.416143045268278,3.0979886527629317
-2.9065000000000003,53.037969393627215,52.908566679397936,0.0,0.12940271422927907,9.892469333951883,4.665216422258113
-2.8565,53.47962523536505,46.103858397716174,0.0,7.375766837648875,10.454730518315388,4.672811454531346
-2.8064999999999998,63.695972892841205,48.605638817102914,0.0,15.09033407573829,14.364430237023715,3.3968043735583318
-2.7565,101.38330719763583,75.47481675741035,0.0,25.908490440225478,26.477882848348592,2.644004227577964
-2.7065,166.8665856881957,128.7655151128601,0.0,38.1010705753356,45.98499851856007,2.280745007495347
-2.6565000000000003,242.62326969808555,179.73750889998536,0.0,62.88576079810019,66.02513903028084,1.9021166105343763
-2.6065,285.8767800898728,218.50867092298884,0.0,67.36810916688395,76.13754925279673,1.6147197463187806
-2.5565,273.7512497113187,240.09976531615055,0.0,33.651484395168126,73.16506937630214,1.6701509966708015
-2.5065,244.99400257210874,232.79486434913824,0.0,12.199138222970504,66.2519432477182,1.8553618728496954
-2.4565,218.50710910232485,208.49382311193088,0.0,10.013285990393967,58.888088156514385,1.8256117416193791
-2.4065,206.19059080397162,194.96307583318514,0.0,11.227514970786473,54.71751667637605,1.7667012665750894
-2.3565,207.34713692943154,192.43936833385763,0.0,14.907768595573913,54.67580775166573,1.7685831923426436
-2.3065,211.7951831680216,194.2700873891337,0.0,17.525095778887902,56.07530610330686,1.8003008718853548
-2.2565,202.1490431211301,197.5035560756501,0.0,4.645487045479996,53.331357390287145,1.9775033287313186
-2.2065,191.09308462952583,188.35110522441593,0.0,2.741979405109902,50.1946830034223,2.285036479649599
-2.1565,189.89625679044855,178.03295763119937,0.0,11.86329915924918,50.28982749072944,2.636149871821774
-2.1065,196.8203956328304,185.0473579928575,0.0,11.773037639972898,52.33641685023862,2.8877121856722834
-2.0565,219.10939698482582,217.86656068373085,0.0,1.2428363010949681,57.23242697967863,2.8197366904286385
-2.0065,242.78099822077826,251.08738820751282,0.0,-8.306389986734558,61.96297317875998,2.6908098655872656
-1.9565000000000001,237.43551239002903,251.05885722688956,0.0,-13.623344836860525,60.04436262584771,2.716467058334765
-1.9065,201.19852936979032,216.71894888785812,0.0,-15.520419518067797,50.934806356326746,2.707267924118929
-1.8565,163.02392609942385,177.0528820479208,0.0,-14.028955948496957,41.324204251508036,2.6275339218900893
-1.8065,141.83983663410174,149.08051197341223,0.0,-7.240675339310485,35.65289668629961,2.7349720852021897
-1.7565,133.69548501463737,132.16423448364716,0.0,1.5312505309902065,32.811414160081256,3.0271726499763663
-1.7065000000000001,133.11715402328423,121.67847205088799,0.0,11.438681972396239,31.923291000010146,3.262619675530212
-1.6565,131.41960436524528,114.19008701665058,0.0,17.229517348594698,31.03502646170947,3.449821228055879
-1.6065,124.74230308226322,106.8529032490436,0.0,17.889399833219613,28.713378462749873,3.7082444424418095
-1.5565,123.55716405531538,104.43914270550833,0.0,19.11802134980705,27.352883061903803,4.374862493498741
-1.5065,132.09373335504947,113.04623617194198,0.0,19.04749718310748,28.245218756877826,5.187638147193958
-1.4565000000000001,137.33155526305282,132.36745922092132,0.0,4.9640960421315015,28.665489637564598,4.876079987515289
-1.4065,133.25819487100932,148.29846135250443,0.0,-15.04026648149511,26.65711018591739,3.6495297696533533
-1.3565,127.29995833579899,145.5812157630433,0.0,-18.281257427244313,23.753089888208603,3.303042586738959
-1.3065,117.534894904644,132.32258515003858,0.0,-14.787690245394572,20.76659762771382,4.053247733996613
-1.2565,98.54249506535673,117.52619172144044,0.0,-18.98369665608371,17.004875523070606,5.116160879743518
-1.2065000000000001,83.17117702406011,97.94597819674972,0.0,-14.774801172689607,14.22916607945843,5.344312439617566
-1.1565,75.91088848737664,75.08668911535237,0.0,0.8241993720242675,13.108415654771074,4.361058695965452
-1.1065,69.81256486253865,61.678835323563426,0.0,8.133729538975224,12.215700463296706,3.7465812484118017
-1.0565,63.29874941706625,55.683224344249034,0.0,7.6155250728172135,10.815741574746575,4.380463274886314
-1.0065,58.27382218738332,50.77559440844739,0.0,7.498227778935927,9.452594148194311,4.794051218945589
-0.9565000000000001,51.139203027223736,46.03411449887638,0.0,5.105088528347359,7.944010523995215,3.1496180484761185
-0.9065000000000001,41.110208860285525,41.55434592019674,0.0,-0.4441370599112133,6.401171398832473,1.2215136649993845
-0.8565,27.899906339039735,34.70153533142705,0.0,-6.801628992387318,4.646101405930525,0.351015805756523
-0.8065,19.98965407704474,25.56680621078263,0.0,-5.57715213373789,3.633243351213139,0.09643650945066479
-0.7565,19.178058363479494,19.57239415480603,0.0,-0.3943357913265366,3.549438050467942,0.04258917644980273
-0.7065000000000001,18.52939872477959,18.20284641518008,0.0,0.32655230959951,3.30155701132147,0.02878983641359459
-0.6565000000000001,16.718352712203878,17.63512016709119,0.0,-0.9167674548873137,2.8269270962891273,0.02078377341911398
-0.6065,14.785936693596744,15.911521336800647,0.0,-1.1255846432039025,2.3996986600874592,0.015703811806239032
-0.5565,13.54554296543618,14.408090551117946,0.0,-0.8625475856817655,2.0936626594604375,0.01250422663621998
-0.5065,13.379042043210188,13.816266367279916,0.0,-0.437224324069728,1.9319754060852672,0.010928021982311603
-0.45650000000000013,12.93819366396052,13.365066744332484,0.0,-0.4268730803719638,1.7294503099611522,0.009357009942414823
-0.4065000000000001,11.60825727853616,12.50567633997074,0.0,-0.8974190614345812,1.42394206559708,0.007335490948802831
-0.35650000000000004,9.493301880940553,11.265449542887005,0.0,-1.7721476619464518,1.0649999725714947,0.005514988040542612
-0.3065,7.135380525659883,9.497692097679414,0.0,-2.3623115720195305,0.7262521541975511,0.004113295654304137
-0.25649999999999995,5.775639663258966,7.430517530636203,0.0,-1.6548778673772366,0.5151741626993855,0.0032927313566007395
-0.20650000000000013,5.268583392921686,5.940569337374859,0.0,-0.6719859444531728,0.3970464581756006,0.0028487598338055365
-0.15650000000000008,4.748279517944452,5.199460842447651,0.0,-0.4511813245031995,0.28966229555977063,0.002421358122724259
-0.10650000000000004,3.6901747165217413,4.66624852649569,0.0,-0.9760738099739488,0.17879457147099687,0.0017850595603984348
-0.05650000000000022,2.0773698833590726,3.624164133898728,0.0,-1.5467942505396555,0.12364906473919705,0.0009365933634340737
-0.00649999999999995,0.9340267978336815,2.0020305561786698,0.0,-1.0680037583449882,0.2841617507735138,0.00032459464801735065
0.04349999999999987,0.8165221085430956,0.9381094178894334,0.0,-0.12158730934633777,0.6720723563101111,0.0001426639206070046
0.09350000000000014,1.0847410084583098,0.8676687960754126,0.0,0.2170722123828972,0.9966900932511684,0.0001425730188124435
0.14349999999999996,1.2655557180122767,1.1344245979506309,0.0,0.13113112006164584,1.1428765765993827,0.00014933472892488363
0.19349999999999978,1.3873261753655308,1.3087261020126186,0.0,0.07860007335291219,1.2233399936249585,0.00013884303946383952
0.24350000000000005,1.4893587464311997,1.416666495672068,0.0,0.07269225075913166,1.285439751360294,9.744201871515167e-05
0.29349999999999987,1.5835482703266865,1.5207055157893854,0.0,0.06284275453730115,1.3417196822132704,2.3640837041603833e-05
0.34350000000000014,1.6827910430628514,1.6029083515383253,0.0,0.0798826915245261,1.4038125826558767,-3.672486458660743e-05
0.39349999999999996,1.7666995133738577,1.6597926193916226,0.0,0.10690689398223507,1.454865177487015,1.6648696620064351e-06
0.4434999999999998,1.8490413146799187,1.7296319802926545,0.0,0.1194093343872642,1.5089632310318255,0.0004314110525935492
0.49350000000000005,2.2598959262281593,1.8656383256530078,0.0,0.39425760057515147,1.8473743528729094,0.0033041310448715167
0.5434999999999999,4.167783485990384,2.4596597215495626,0.0,1.7081237644408214,3.4635664763625176,0.015271916126172267
0.5935000000000001,8.372494864364732,4.918576465104647,0.0,3.4539183992600853,7.036304874836447,0.0380668191013049
0.6435,12.781500594013853,9.820963228459362,0.0,2.96053736555449,10.772914067621919,0.05826488821862152
0.6934999999999998,14.810394852045494,14.45143333043876,0.0,0.35896152160673367,12.492477827074882,0.06689400885849033
0.7435,15.441455555763318,16.934617013344848,0.0,-1.4931614575815306,13.061846200494303,0.07050656685843694
0.7934999999999999,16.294035335972985,17.609664408151662,0.0,-1.3156290721786768,13.779742174138367,0.07621893301877922
0.8435000000000001,17.00799626188605,16.693472204368483,0.0,0.3145240575175663,14.315923951185404,0.08247613306531561
0.8935,18.181726621627746,16.605811020793414,0.0,1.5759156008343318,15.238195894893737,0.09305022667610643
0.9434999999999998,19.476404823604213,18.524705484853897,0.0,0.9516993387503163,16.224108288331095,0.10881657783798052
0.9935,19.69926640379456,19.96475988435581,0.0,-0.26549348056125055,16.36489254915207,0.12201624693165433
1.0434999999999999,18.075111143814265,19.057551204977948,0.0,-0.9824400611636825,15.094317374651165,0.12591790986396328
1.0935000000000001,17.62481748786012,17.443112979667802,0.0,0.18170450819231831,14.729691268736122,0.14296575177690013
1.1435,20.64485191607843,17.806172509005783,0.0,2.8386794070726467,16.986878140140206,0.18602493071054482
1.1934999999999998,23.29331471639293,20.22333209921834,0.0,3.069982617174592,18.960416386685168,0.24156161801203788
1.2435,21.753079321249913,22.216528365481693,0.0,-0.4634490442317798,17.809829658375698,0.3222229729060152
1.2934999999999999,20.458498525529993,21.921345449876235,0.0,-1.4628469243462412,16.7524011028404,0.49966982023706935
1.3435000000000001,22.947353430205396,21.246174694654474,0.0,1.701178735550922,18.34380685759447,0.887958417428708
1.3935,27.857000963570897,21.837202109795015,0.0,6.019798853775882,21.387939776532598,1.7411739759024967
1.4434999999999998,34.025546530067516,23.356695534938776,0.0,10.66885099512874,23.560978695269654,4.521912995792406
1.4935,44.945707979330216,24.42777076990684,0.0,20.517937209423376,25.304598637047114,11.51492171891709
1.5434999999999999,50.875505753115256,24.7829168874549,0.0,26.092588865660357,25.38745421311799,16.1212567997355
1.5935000000000001,42.468045226945904,26.280771992253378,0.0,16.187273234692526,24.600389815689752,10.228024961913945
1.6435,35.576642893404916,27.035059613778603,0.0,8.541583279626312,25.68513192798205,3.7318546660545673
1.6934999999999998,32.83296089504107,26.854231032335534,0.0,5.978729862705535,25.394417143311887,1.8267791954736516
1.7435,31.670204703065583,28.71626834375635,0.0,2.953936359309232,24.51113432146063,1.63083456660475
1.7934999999999999,34.529726272736866,32.62504379295891,0.0,1.9046824797779536,26.01265326476635,1.9240954047574483
1.8435000000000001,41.61311218794529,36.046924769959546,0.0,5.566187417985745,29.867284542873286,2.5742256378288584
1.8935,49.74687576207329,38.701235722668976,0.0,11.045640039404311,33.488502911081405,3.418023112518784
1.9434999999999998,55.012467929876074,42.44463702451316,0.0,12.56783090536291,35.42566199116031,3.672501625289101
1.9934999999999996,55.16226247117544,47.98827485701235,0.0,7.173987614163089,35.66788489833649,2.9455290415362345
2.0435000000000003,55.42548414554088,52.92305376231948,0.0,2.5024303832213945,36.96713520762963,2.2570977940745083
2.0935,59.76950193581564,56.41027119537715,0.0,3.359230740438491,40.41574408438638,2.2917018278859222
2.1435,67.96495945206561,58.755205679503746,0.0,9.209753772561868,45.75750673008382,3.0742130476639096
2.1935,77.08178503000023,60.57543547973526,0.0,16.50634955026497,51.67054235009337,3.9181754677733958
2.2434999999999996,85.52402487968897,69.52197274559032,0.0,16.002052134098648,57.26433864146847,3.975259821615558
2.2935000000000003,92.28481958195245,92.83894686385044,0.0,-0.5541272818979905,62.180801609304936,3.2746310295917564
2.3435,94.51757330102993,114.78437826929034,0.0,-20.266804968260416,64.03531427625671,2.5884113238618154
2.3935,93.51782176813478,109.43720464653589,0.0,-15.919382878401109,63.33330764909705,2.2848075681766633
2.4435,94.17039604794641,95.35566454200912,0.0,-1.1852684940627114,63.849602588569695,2.131987423672171
2.4934999999999996,94.27625164609726,93.10098820203956,0.0,1.1752634440577054,63.946541364469006,2.1702042536595796
2.5435000000000003,94.13376537409235,96.87275162395215,0.0,-2.7389862498598063,64.82041586459343,2.2267634450366103
2.5935,94.34799493562801,101.69960462239732,0.0,-7.351609686769308,66.75221463372304,1.8892274111527247
2.6435,96.46716631438204,107.49479961326487,0.0,-11.027633298882833,69.52338517802241,1.4577526154650262
2.6935,100.15322758846087,104.4377642112576,0.0,-4.284536622796736,72.53562390349137,1.2699519244189974
2.7434999999999996,103.85163664535027,101.89460591165394,0.0,1.9570307336963282,75.71494509941908,1.1895393868366195
2.7935000000000003,107.48510692338823,106.57657452501498,0.0,0.9085323983732536,78.97346687220742,1.0746743165390193
2.8435,108.45846575243078,106.58170351520421,0.0,1.876762237226572,79.58860648799413,0.9561276462461781
2.8935,100.85071884299657,102.00542706852804,0.0,-1.154708225531465,73.29627021977345,0.8739056241600716
2.9435,93.4761033728694,100.2172359490501,0.0,-6.7411325761807035,67.8353744312462,0.8422731399679906
2.9934999999999996,86.44680472045825,103.73818277529227,0.0,-17.291378054834027,63.42114356218619,0.7316802849853066
3.0435000000000003,80.16132993109822,107.26785445676178,0.0,-27.10652452566356,58.78169162706863,0.6262720992682964
3.0935,83.00156832004694,106.33942197137348,0.0,-23.33785365132654,60.38552078390555,0.6277869605932802
3.1435,89.21052194962128,106.46675862421067,0.0,-17.25623667458939,65.02225769398626,0.6498808241780509
3.1935,88.96802622685597,108.27584534279889,0.0,-19.30781911594292,65.05272802225909,0.65673838230024
3.2434999999999996,87.71566596757131,106.26557615613642,0.0,-18.549910188565107,63.95430774589336,0.6829044482804514
3.2935000000000003,89.28725437443109,106.2921861526037,0.0,-17.00493177817262,64.13961788634839,0.6860151376401376
3.3435,97.79372810541622,104.07648598391864,0.0,-6.282757878502423,69.12067064414487,0.6691114731225105
3.3935,109.98821252964873,98.97540958384698,0.0,11.012802945801752,77.69374935422931,0.6799062859845422
3.4435,112.4912968024939,103.84325588959733,0.0,8.648040912896576,79.28163712756505,0.6992625502866507
3.4934999999999996,107.52067053772477,109.97454767009395,0.0,-2.453877132369186,75.08644826723346,0.6659706632412826
3.5435000000000003,104.60619971412319,102.97882831396497,0.0,1.627371400158225,73.54517450012705,0.600595084301695
3.5935,107.43147963920487,95.1193738611863,0.0,12.312105778018562,77.9920762471858,0.5491911580461395
3.6435,120.36012496311147,105.76108877184927,0.0,14.5990361912622,89.7237311670421,0.5506211844250973
3.6935,135.6280217685675,127.32637724544894,0.0,8.301644523118554,101.22958651952965,0.5819861983639399
3.7434999999999996,149.68385033855589,141.27060126463672,0.0,8.413249073919161,111.40792193668986,0.584131890909566
3.7935000000000003,166.90720977905428,152.1220437950877,0.0,14.785165983966579,125.7065281195992,0.5464121516797
3.8435,165.9694441849635,163.66971541933012,0.0,2.2997287656333754,126.75047261654989,0.45974291515726284
3.8935,120.59747839483663,147.7848055887151,0.0,-27.187327193878474,93.29761596345921,0.3013497170002243
3.9435,54.88220318267179,88.51603915287687,0.0,-33.633835970205084,42.909659591480256,0.12652608306074908
3.9934999999999996,15.881451386582459,32.427203163624995,0.0,-16.545751777042536,12.4830864837647,0.032527566081197626
