Energy_minus_Ef,Total_DOS_Combi,Total_DOS_Slab,Total_DOS_Ads,Delta_DOS,Ti_d_proj,S_p_proj
-15.6421,83.19771021096408,87.66516231198526,0.0,-4.4674521010211805,7.594554890941437,0.021764133394394806
-15.592099999999999,86.96062398813214,92.63364086589677,0.0,-5.673016877764624,8.262070291125458,0.02049067100738307
-15.542100000000001,88.19682758246333,89.52051247616694,0.0,-1.3236848937036143,8.390678067459532,0.01998795051797924
-15.4921,78.46020633408057,85.99101489621759,0.0,-7.530808562137025,7.39377975082245,0.018598421760819793
-15.4421,71.13140399285734,87.88418809573422,0.0,-16.752784102876873,6.613328898731519,0.025102671377644322
-15.3921,80.72859700515221,97.21824191934569,0.0,-16.489644914193477,7.324718036670703,0.055598308896941465
-15.342099999999999,97.25221444638123,108.8880242802883,0.0,-11.635809833907075,8.665721319808332,0.10055754818656648
-15.292100000000001,104.84873206066321,119.01590899758149,0.0,-14.167176936918281,8.971952211924329,0.12738775876916736
-15.2421,104.21219429374824,118.90529715135403,0.0,-14.693102857605794,8.348285159502058,0.13865405947741535
-15.1921,96.19840107719122,98.53035945322475,0.0,-2.3319583760335263,7.192483304588144,0.15362847094041326
-15.1421,84.14420775560527,78.49738905405228,0.0,5.646818701552988,5.889504801284984,0.1741014666240715
-15.092099999999999,76.45344769003302,68.9792167793312,0.0,7.47423091070182,5.022456049584003,0.19325264730533265
-15.042100000000001,70.52471781195416,61.90056830737178,0.0,8.624149504582384,4.4486552398135055,0.2183513489488495
-14.9921,58.88169622451032,50.25308250454559,0.0,8.628613719964733,3.7961279087844604,0.24616598920959293
-14.9421,52.380279425120165,44.63082969233221,0.0,7.7494497327879515,3.947040580546561,0.31365054181834007
-14.8921,62.26332909272003,50.34190324230005,0.0,11.921425850419979,5.534507861837003,0.4204952403806827
-14.842099999999999,80.792339815162,59.680424380274076,0.0,21.11191543488792,7.405264704590382,0.4980995940005736
-14.792100000000001,98.2014136014832,73.17782873229173,0.0,25.023584869191467,8.797685213778589,0.6091463861335882
-14.7421,110.34057723936128,86.74616363004576,0.0,23.594413609315524,9.739243520735052,0.8258143117467354
-14.6921,109.60644663102116,93.60178615218095,0.0,16.004660478840208,9.583278536323075,0.9221558606512634
-14.6421,100.8572002436371,94.53470100798042,0.0,6.322499235656679,8.697712338261756,0.8164440750001472
-14.592099999999999,93.45995758248628,92.91054950834064,0.0,0.5494080741456457,7.85039305380109,0.6538913541974152
-14.542100000000001,86.85665892214746,93.19506747960344,0.0,-6.338408557455978,6.871927461117937,0.604635209513444
-14.4921,80.86481880449654,104.08244298303545,0.0,-23.217624178538912,5.81123891397131,0.5974596161185097
-14.4421,76.62044423696028,108.52348470430246,0.0,-31.90304046734218,4.991069880918246,0.5167351790337216
-14.3921,68.67257826173238,87.72937072034944,0.0,-19.056792458617053,3.8927681121135045,0.33064940789913955
-14.342099999999999,60.65365037180828,65.30386025550902,0.0,-4.6502098837007395,2.8718105958007114,0.20659168579277562
-14.292100000000001,48.8027856546657,57.79176931834993,0.0,-8.98898366368423,2.1459767056063876,0.1739494121019898
-14.2421,37.00852715160215,57.5190902811973,0.0,-20.51056312959515,1.5200865799417609,0.1329892246706893
-14.1921,31.589965739150063,49.94811293144144,0.0,-18.35814719229138,1.0777573004461845,0.09050674267881273
-14.1421,25.35604753686856,34.5604994183673,0.0,-9.204451881498741,0.6841237470027589,0.05679693446144683
-14.092099999999999,14.877635393731882,19.780654152083805,0.0,-4.903018758351923,0.31424520668425415,0.026827149799928347
-14.042100000000001,5.2978000668985565,8.150814627534674,0.0,-2.853014560636117,0.0914441545636415,0.00803050899548609
-13.9921,0.9347475340888957,1.9197277880421115,0.0,-0.9849802539532159,0.01430279189027872,0.0012769120425330776
-13.9421,0.06982214481506305,0.2332510361651059,0.0,-0.16342889135004285,0.0010091921726852965,9.079253792308187e-05
-13.8921,0.001994076306759652,0.013735277155287273,0.0,-0.011741200848527622,2.7816855922923604e-05,2.514008283387924e-06
-13.842099999999999,0.0,0.0003252619500635247,0.0,-0.0003252619500635247,0.0,0.0
-13.792100000000001,0.0,0.0,0.0,0.0,0.0,0.0
-13.7421,0.0,0.0,0.0,0.0,0.0,0.0
-13.6921,0.0,0.0,0.0,0.0,0.0,0.0
-13.6421,0.0,0.0,0.0,0.0,0.0,0.0
-13.592099999999999,0.0,0.0,0.0,0.0,0.0,0.0
-13.542100000000001,0.0,0.0,0.0,0.0,0.0,0.0
-13.4921,0.0,0.0,0.0,0.0,0.0,0.0
-13.4421,0.0,0.0,0.0,0.0,0.0,0.0
-13.3921,0.0,0.0,0.0,0.0,0.0,0.0
-13.342099999999999,0.0,0.0,0.0,0.0,0.0,0.0
-13.292100000000001,0.0,0.0,0.0,0.0,0.0,0.0
-13.2421,0.0,0.0,0.0,0.0,0.0,0.0
-13.1921,0.0,0.0,0.0,0.0,0.0,0.0
-13.1421,0.0,0.0,0.0,0.0,0.0,0.0
-13.092099999999999,0.0,0.0,0.0,0.0,0.0,0.0
-13.042100000000001,0.0,0.0,0.0,0.0,0.0,0.0
-12.9921,0.0,0.0,0.0,0.0,0.0,0.0
-12.9421,0.0,0.0,0.0,0.0,0.0,0.0
-12.8921,0.0,0.0,0.0,0.0,0.0,0.0
-12.842099999999999,0.0,0.0,0.0,0.0,0.0,0.0
-12.792100000000001,0.0,0.0,0.0,0.0,0.0,0.0
-12.7421,0.0,0.0,0.0,0.0,0.0,0.0
-12.6921,0.0,0.0,0.0,0.0,0.0,0.0
-12.6421,0.0,0.0,0.0,0.0,0.0,0.0
-12.592099999999999,0.0,0.0,0.0,0.0,0.0,0.0
-12.542100000000001,0.0,0.0,0.0,0.0,0.0,0.0
-12.4921,0.0,0.0,0.0,0.0,0.0,0.0
-12.4421,0.0,0.0,0.0,0.0,0.0,0.0
-12.3921,0.0,0.0,0.0,0.0,0.0,0.0
-12.342099999999999,0.0,0.0,0.0,0.0,0.0,0.0
-12.292100000000001,0.0,0.0,0.0,0.0,0.0,0.0
-12.2421,0.0,0.0,0.0,0.0,0.0,0.0
-12.1921,0.0,0.0,0.0,0.0,0.0,0.0
-12.1421,0.0,0.0,0.0,0.0,0.0,0.0
-12.092099999999999,0.0,0.0,0.0,0.0,0.0,0.0
-12.042100000000001,0.0,0.0,0.0,0.0,0.0,0.0
-11.9921,0.0,0.0,0.0,0.0,0.0,0.0
-11.9421,0.0,0.0,0.0,0.0,0.0,0.0
-11.8921,0.0,0.0,0.0,0.0,0.0,0.0
-11.842099999999999,0.0,0.0,0.0,0.0,0.0,0.0
-11.792100000000001,0.0,0.0,0.0,0.0,0.0,0.0
-11.7421,0.0,0.0,0.0,0.0,0.0,0.0
-11.6921,0.0,0.0,0.0,0.0,0.0,0.0
-11.6421,0.0,0.0,0.0,0.0,0.0,0.0
-11.5921,0.0,0.0,0.0,0.0,0.0,0.0
-11.542100000000001,0.0,0.0,0.0,0.0,0.0,0.0
-11.4921,0.0,0.0,0.0,0.0,0.0,0.0
-11.4421,0.0,0.0,0.0,0.0,0.0,0.0
-11.3921,0.0,0.0,0.0,0.0,0.0,0.0
-11.3421,0.0,0.0,0.0,0.0,0.0,0.0
-11.292100000000001,0.0,0.0,0.0,0.0,0.0,0.0
-11.2421,0.0,0.0,0.0,0.0,0.0,0.0
-11.1921,0.0,0.0,0.0,0.0,0.0,0.0
-11.1421,0.0,0.0,0.0,0.0,0.0,0.0
-11.0921,0.0,0.0,0.0,0.0,0.0,0.0
-11.042100000000001,0.0,0.0,0.0,0.0,0.0,0.0
-10.9921,0.0,0.0,0.0,0.0,0.0,0.0
-10.9421,0.0,0.0,0.0,0.0,0.0,0.0
-10.8921,0.0,0.0,0.0,0.0,0.0,0.0
-10.8421,0.0,0.0,0.0,0.0,0.0,0.0
-10.792100000000001,0.0,0.0,0.0,0.0,0.0,0.0
-10.7421,0.0,0.0,0.0,0.0,0.0,0.0
-10.6921,0.0,0.0,0.0,0.0,0.0,0.0
-10.6421,0.0,0.0,0.0,0.0,0.0,0.0
-10.5921,0.0,0.0,0.0,0.0,0.0,0.0
-10.542100000000001,0.0,0.0,0.0,0.0,0.0,0.0
-10.4921,0.0,0.0,0.0,0.0,0.0,0.0
-10.4421,0.0,0.0,0.0,0.0,0.0,0.0
-10.3921,0.0,0.0,0.0,0.0,0.0,0.0
-10.3421,0.0,0.0,0.0,0.0,0.0,0.0
-10.292100000000001,0.0,0.0,0.0,0.0,0.0,0.0
-10.2421,0.0,0.0,0.0,0.0,0.0,0.0
-10.1921,0.0,0.0,0.0,0.0,0.0,0.0
-10.1421,0.0,0.0,0.0,0.0,0.0,0.0
-10.0921,0.0,0.0,0.0,0.0,0.0,0.0
-10.042100000000001,0.0,0.0,0.0,0.0,0.0,0.0
-9.9921,0.0,0.0,0.0,0.0,0.0,0.0
-9.9421,0.0,0.0,0.0,0.0,0.0,0.0
-9.8921,0.0,0.0,0.0,0.0,0.0,0.0
-9.8421,0.0,0.0,0.0,0.0,0.0,0.0
-9.792100000000001,0.0,0.0,0.0,0.0,0.0,0.0
-9.7421,0.0,0.0,0.0,0.0,0.0,0.0
-9.6921,0.0,0.0,0.0,0.0,0.0,0.0
-9.6421,0.0,0.0,0.0,0.0,0.0,0.0
-9.5921,0.0,0.0,0.0,0.0,0.0,0.0
-9.542100000000001,0.0,0.0,0.0,0.0,0.0,0.0
-9.4921,0.0,0.0,0.0,0.0,0.0,0.0
-9.4421,0.0,0.0,0.0,0.0,0.0,0.0
-9.3921,0.0,0.0,0.0,0.0,0.0,0.0
-9.3421,0.0,0.0,0.0,0.0,0.0,0.0
-9.292100000000001,0.0,0.0,0.0,0.0,0.0,0.0
-9.2421,0.0,0.0,0.0,0.0,0.0,0.0
-9.1921,0.0,0.0,0.0,0.0,0.0,0.0
-9.1421,0.0,0.0,0.0,0.0,0.0,0.0
-9.0921,0.0,0.0,0.0,0.0,0.0,0.0
-9.042100000000001,0.0,0.0,0.0,0.0,0.0,0.0
-8.9921,0.0,0.0,0.0,0.0,0.0,0.0
-8.9421,0.0,0.0,0.0,0.0,0.0,0.0
-8.8921,0.0,0.0,0.0,0.0,0.0,0.0
-8.8421,0.0,0.0,0.0,0.0,0.0,0.0
-8.792100000000001,0.0,0.0,0.0,0.0,0.0,0.0
-8.7421,0.0,0.0,0.0,0.0,0.0,0.0
-8.6921,0.0,0.0,0.0,0.0,0.0,0.0
-8.6421,0.0,0.0,0.0,0.0,0.0,0.0
-8.5921,0.0,0.0,0.0,0.0,0.0,0.0
-8.542100000000001,0.0,0.0,0.0,0.0,0.0,0.0
-8.4921,0.0,0.0,0.0,0.0,0.0,0.0
-8.4421,0.0,0.0,0.0,0.0,0.0,0.0
-8.3921,0.0,0.0,0.0,0.0,0.0,0.0
-8.3421,0.0,0.0,0.0,0.0,0.0,0.0
-8.292100000000001,0.0,0.0,0.0,0.0,0.0,0.0
-8.2421,0.0,0.0,0.0,0.0,0.0,0.0
-8.1921,0.0,0.0,0.0,0.0,0.0,0.0
-8.1421,0.0,0.0,0.0,0.0,0.0,0.0
-8.0921,0.0,0.0,0.0,0.0,0.0,0.0
-8.042100000000001,0.0,0.0004943810337768132,0.0,-0.0004943810337768132,0.0,0.0
-7.9921,0.0,0.017669958322387894,0.0,-0.017669958322387894,0.0,0.0
-7.9421,0.0017397981199916428,0.24382151971811997,0.0,-0.24208172159812832,0.0003607792595301747,2.8131197294018715e-06
-7.8921,0.06055847480193077,1.4660316926853727,0.0,-1.405473217883442,0.012558137749749614,9.68072923863012e-05
-7.8421,0.8023968011636768,4.469913717302229,0.0,-3.6675169161385526,0.16639561057302837,0.0012595792589316871
-7.7921000000000005,4.436201821483226,8.441452763410858,0.0,-4.005250941927632,0.9198988735656504,0.00668937225247694
-7.7421,11.828521673155803,12.754389972590916,0.0,-0.9258682994351126,2.4517403414235193,0.01666552097417188
-7.6921,18.70215778341177,17.450479381701864,0.0,1.2516784017099063,3.8709968686895104,0.024641047463937943
-7.6421,21.872909679010554,21.014352476278926,0.0,0.8585572027316282,4.51655396991603,0.028189570354307893
-7.5921,22.905517025023638,23.48472032381985,0.0,-0.5792032987962124,4.717334451424344,0.02995739874829646
-7.5421,23.93066039571552,24.187256375784184,0.0,-0.25659598006866347,4.914409038466102,0.03194437687286966
-7.492100000000001,24.270856255657897,23.883901315310645,0.0,0.38695494034725186,4.972776770937342,0.03311035547188011
-7.4421,23.302825569295187,25.317033381387457,0.0,-2.0142078120922697,4.7667344229027115,0.03361720684366751
-7.3921,23.90657592358137,25.630259013155673,0.0,-1.7236830895743012,4.8827208064203536,0.037759423099642885
-7.3421,25.413405897421512,24.8626983645025,0.0,0.550707532919013,5.178152768372213,0.0427627456992377
-7.2921,26.252082228862324,25.267668760609205,0.0,0.9844134682531198,5.334324628502408,0.046018138885226365
-7.242100000000001,27.015837536941625,25.320419995476882,0.0,1.6954175414647423,5.483111089958877,0.04915605266463148
-7.1921,28.245982012980175,25.991189324742525,0.0,2.25479268823765,5.73117299970008,0.05330071938988372
-7.1421,30.284994262379193,27.311950975143024,0.0,2.9730432872361696,6.137243823606952,0.05945124794166971
-7.0921,32.09878507050753,28.247307775510173,0.0,3.851477294997359,6.501561833302562,0.06567960054290897
-7.0421,33.723116856512334,31.405784334138186,0.0,2.317332522374148,6.831403172130783,0.0718695066319645
-6.992100000000001,34.83267714142494,36.56263682914815,0.0,-1.729959687723209,7.050115165542706,0.07776874690418964
-6.9421,37.47108527854499,43.02623053380419,0.0,-5.555145255259198,7.585428723702863,0.08630538227571122
-6.8921,44.744170036811816,50.2619348587302,0.0,-5.517764821918384,9.08869883509211,0.1049364711449976
-6.8421,53.7491719960915,56.28299231143405,0.0,-2.5338203153425525,10.971741226149934,0.13268602574184554
-6.7921,61.10241004842172,67.03443046602604,0.0,-5.9320204176043205,12.497068332022348,0.1686380279230201
-6.742100000000001,70.97325731407125,75.51968964419464,0.0,-4.546432330123395,14.469927355320412,0.22648150690466864
-6.6921,78.43189505998905,75.06834930050962,0.0,3.363545759479422,15.971103836955344,0.27827560339138974
-6.6421,75.02954671010521,75.25629707753599,0.0,-0.2267503674307818,15.27144491699233,0.2846099322536761
-6.5921,71.23980964750342,78.81271906875803,0.0,-7.572909421254607,14.413101289756941,0.2932313782971499
-6.5421,74.99874662258385,81.56325015081885,0.0,-6.564503528234994,15.012830929189793,0.35613963225947454
-6.492100000000001,79.033076558564,84.80622530904856,0.0,-5.773148750484552,15.649614622896166,0.4282586017931751
-6.4421,79.00413390361224,91.54265178746905,0.0,-12.538517883856812,15.437288993801957,0.4857775644528516
-6.3921,77.14792189870383,87.49828848970719,0.0,-10.350366591003365,14.867108314707785,0.5568328048495544
-6.3421,75.79853121769557,79.81554386734669,0.0,-4.017012649651122,14.296011747676175,0.6415039512517426
-6.2921,81.44402714228684,79.90673768746882,0.0,1.5372894548180227,14.895771895455983,0.8112788278527638
-6.242100000000001,92.77208629650463,84.41140377821843,0.0,8.360682518286197,16.543511652213304,1.17939788255547
-6.1921,91.54738582086819,83.03806575813375,0.0,8.509320062734432,16.280610451590107,1.711373589132418
-6.1421,82.43356891453897,85.93076803963099,0.0,-3.497199125092024,15.087735170636702,2.381046034082302
-6.0921,81.65070613100445,95.72358422854599,0.0,-14.072878097541533,15.230499056542445,3.3061014991398516
-6.0421,82.69769832850935,85.47366147910844,0.0,-2.7759631505990967,15.13556604058628,4.308455517055441
-5.992100000000001,75.64025147226181,69.8035783747162,0.0,5.836673097545614,13.379482014657963,4.618166525299959
-5.9421,71.18859568386267,71.14066491478832,0.0,0.04793076907435534,12.254083601338422,4.030674395601067
-5.8921,76.0783079528901,80.77570680716792,0.0,-4.697398854277822,12.85379061810264,2.9993903361906185
-5.8421,83.36242987382576,92.01034768941722,0.0,-8.647917815591455,13.66912217532536,2.1186148808700427
-5.7921,84.0225115180477,93.89761810456713,0.0,-9.875106586519436,13.687880219054481,1.5635775223063573
-5.742100000000001,74.74630645877221,81.07006466858593,0.0,-6.323758209813718,12.677957372107667,1.2686637460365036
-5.6921,61.317154924407944,70.11003922571072,0.0,-8.792884301302777,11.109884685527145,1.01691498392679
-5.6421,48.173631391455295,68.11679666105057,0.0,-19.943165269595276,9.40253223367245,0.7234714367820807
-5.5921,42.12350950417208,70.66290245178162,0.0,-28.539392947609542,9.14983119038851,0.5987206453824959
-5.5421,53.458752064242695,71.67369471314919,0.0,-18.214942648906494,13.720490262629248,0.9078209007699267
-5.492100000000001,83.99015336609538,81.79482183700132,0.0,2.1953315290940623,23.460586011838284,2.6142060230206283
-5.4421,126.8598396124431,107.02406497361858,0.0,19.835774638824518,34.87959900943084,7.346928578043545
-5.3921,171.54020346543362,136.2484003724305,0.0,35.291803093003125,45.91003039540022,12.426533907102163
-5.3421,202.4558565722313,174.18111808170724,0.0,28.274738490524072,53.64831649861171,12.918291376638352
-5.2921,213.1401784419488,202.63664200474065,0.0,10.50353643720814,56.27731814134114,11.056373172535531
-5.242100000000001,201.04296935818894,202.13494891589033,0.0,-1.0919795577013929,53.45562745358481,8.904322480489322
-5.1921,181.9056865890945,191.25553390796813,0.0,-9.349847318873628,49.29484938934395,7.069609436820693
-5.1421,169.747624887877,182.30236298892484,0.0,-12.554738101047832,46.90551207309848,6.202313777156734
-5.0921,167.6765495211606,170.5465209779053,0.0,-2.869971456744679,46.65087684819824,6.353442006796461
-5.0421,176.38820585195242,167.10417815237722,0.0,9.284027699575205,48.80874171100923,7.330173985636725
-4.992100000000001,175.33609904019536,157.89997729525362,0.0,17.436121744941744,48.43991882480509,7.152458543296756
-4.9421,161.19945183003193,138.91949605810635,0.0,22.279955771925586,44.80180074482213,5.365520478030859
-4.8921,148.03253378825124,123.00354960907904,0.0,25.0289841791722,40.92927053465861,3.8967097023261346
-4.8421,135.51051673190457,114.25115776712431,0.0,21.25935896478026,37.18930020518529,3.5565807415462323
-4.7921,136.83636600317485,114.96552291790977,0.0,21.87084308526508,37.92062589973419,3.8030419872655354
-4.742100000000001,147.65388955765465,125.12114955012598,0.0,22.532740007528673,41.86991307043468,3.9278724149935176
-4.6921,150.207935284825,131.08286228014015,0.0,19.12507300468485,43.29408554889139,4.163437062702253
-4.6421,154.02620114070558,125.23843882279324,0.0,28.78776231791234,44.215809598963475,4.844214809548201
-4.5921,173.35265320398085,130.3657101374486,0.0,42.98694306653226,48.728022868951626,5.609776661596742
-4.5421000000000005,194.5638466999274,147.46420598297533,0.0,47.09964071695208,53.596996903919894,5.740389392678747
-4.4921,197.96241981283265,161.667357871718,0.0,36.29506194111465,53.90536203877498,5.14145185949231
-4.4421,190.0611807799521,186.14404168653698,0.0,3.9171390934151304,51.47980095824229,4.610207507043784
-4.3921,179.55818988913393,203.65393518544812,0.0,-24.095745296314192,48.496231970857096,4.649406444905603
-4.3421,165.08766024809375,187.17572994096548,0.0,-22.088069692871727,44.53532678431314,4.830294914204062
-4.2921000000000005,147.24575104390536,160.1694781010498,0.0,-12.923727057144447,39.708283292910394,4.68434911417352
-4.2421,132.43949740969595,147.11995754293432,0.0,-14.68046013323837,35.713707958126264,4.343295093265742
-4.1921,123.15070681351558,130.39435089068598,0.0,-7.243644077170401,33.146071401912536,4.202076733041151
-4.1421,114.87566258792627,111.86464701264643,0.0,3.011015575279842,30.82393686018269,4.162262950166346
-4.0921,106.31571861073749,108.28138909339057,0.0,-1.9656704826530813,28.44930236768149,3.972541547217412
-4.0421000000000005,100.45872362327253,109.52242607311656,0.0,-9.06370244984403,26.569793977339497,3.6526786760973184
-3.9921,100.5529042664391,105.29763781733236,0.0,-4.744733550893258,26.085531108395337,3.4309158361937246
-3.9421,102.33436844471652,93.51903215201723,0.0,8.815336292699286,25.957345219674487,3.4323724228467567
-3.8921,99.00288630851077,93.10320908473497,0.0,5.899677223775797,24.453749374420717,3.4368438428019603
-3.8421000000000003,93.5258280906238,113.95360613393136,0.0,-20.427778043307555,22.412269730097115,3.3067216720701826
-3.7921,91.82358171791381,140.92995697555307,0.0,-49.10637525763926,21.3913442530435,2.9893396447190597
-3.7421,92.60908808932865,140.8146543328564,0.0,-48.205566243527755,21.094828737531806,2.7639136780877407
-3.6921,96.63274415137732,106.76799823248395,0.0,-10.135254081106623,21.501146544922204,2.9969706888268846
-3.6421,100.5914787315701,78.49356257717896,0.0,22.097916154391143,22.038717941368933,3.364665034573542
-3.5921000000000003,92.87653886874875,68.13489540528046,0.0,24.741643463468293,20.211879501689697,3.282735614579615
-3.5421,77.85399356765035,63.52050765060433,0.0,14.33348591704602,17.04054849501969,2.95192677331017
-3.4921,70.33240445653166,57.779258300781265,0.0,12.553146155750397,15.303905153238903,2.9471520194059524
-3.4421,67.67480940311758,55.4678966671342,0.0,12.20691273598338,14.393482279489351,3.07006163481208
-3.3921,61.12630745702811,53.27436522121613,0.0,7.851942235811983,13.313489415410839,2.7489415541880557
-3.3421000000000003,51.81641836887937,43.58451988167488,0.0,8.23189848720449,11.802422749787535,2.2883134474164075
-3.2921,42.89140423429518,37.18840576258601,0.0,5.702998471709172,9.78929358685458,1.970969238346112
-3.2421,37.633625422914136,36.66349883487115,0.0,0.9701265880429872,8.43639544307154,1.85348431721677
-3.1921,34.38606935585989,34.2072922900466,0.0,0.17877706581328567,7.547764274909769,2.160773229898153
-3.1421,31.173242814934223,29.179950116172215,0.0,1.9932926987620085,6.5819042857901735,3.1170689536155654
-3.0921000000000003,31.393456454276006,24.789555818849482,0.0,6.603900635426523,6.407735860525005,4.929570902447927
-3.0421,34.68357893342559,22.49994683154425,0.0,12.183632101881344,6.8854293754358675,6.923615616511262
-2.9921,33.475375030527395,21.726820211429132,0.0,11.748554819098263,6.537699102511741,7.203487878460006
-2.9421,28.51103934165215,19.97497763410852,0.0,8.536061707543631,5.716999716278124,5.92279687773755
-2.8921,25.782640998023858,18.01237212045217,0.0,7.770268877571688,5.468764806240472,5.145785097738557
-2.8421000000000003,27.118160013806126,16.44744410985901,0.0,10.670715903947116,5.828268674669218,6.0785790879594295
-2.7921,32.01116891577463,14.58598449912313,0.0,17.425184416651504,6.481947552165084,8.898612351678189
-2.7421,38.94106283137423,12.22055910611351,0.0,26.72050372526072,6.841222125230784,13.772248701224335
-2.6921,40.159376830555715,10.376065047159518,0.0,29.783311783396197,6.097735769093644,16.705607642228898
-2.6421,31.132503225986632,8.94625822104117,0.0,22.186245004945462,4.533537148611309,13.121682442277574
-2.5921000000000003,18.695048286598336,7.802649632491886,0.0,10.89239865410645,2.968764693439261,6.36906683757725
-2.5421,11.50488487471619,7.156679275730295,0.0,4.348205598985895,2.1333104951760538,2.2587864471534322
-2.4921,9.670137640327802,7.050031224616279,0.0,2.620106415711523,2.032762349322282,1.184413788967157
-2.4421,10.14757531131455,7.550064377342943,0.0,2.5975109339716083,2.2401288247039934,1.756309058918358
-2.3921,13.587752824618327,7.968548168414859,0.0,5.619204656203468,3.012895369512562,4.14653371152184
-2.3421000000000003,19.995238069285186,7.8403391681583186,0.0,12.154898901126867,4.298868858552163,8.091556775456004
-2.2921,24.90549383997185,8.672935259195015,0.0,16.232558580776836,4.752566211295266,11.984699566510434
-2.2421,24.535442729755097,10.616188875856313,0.0,13.919253853898784,4.368729831210123,12.31225885619172
-2.1921,16.912998650459386,11.761220520186466,0.0,5.15177813027292,3.698244010265978,7.107489577384119
-2.1421,12.707419772368226,11.99216373517329,0.0,0.7152560371949352,3.9592127130373758,4.070551170023443
-2.0921000000000003,17.89133709986941,12.845711258166627,0.0,5.045625841702783,5.867254714322261,6.520688963390422
-2.0421,25.371196504996142,14.084769543887646,0.0,11.286426961108496,8.66663820152771,9.548315085123765
-1.9921000000000002,27.222009942575212,14.805461252097984,0.0,12.416548690477228,10.422218054538128,9.749609829147566
-1.9421000000000002,25.073806124338066,14.512521910001594,0.0,10.561284214336473,9.993629491812236,9.000559292176522
-1.8921000000000001,20.434561272389196,14.564104406005441,0.0,5.870456866383755,8.703489948064757,6.777600367157617
-1.8421,17.552498205440216,15.80384733375818,0.0,1.7486508716820364,8.77410115451254,4.479698659955854
-1.7921,20.195006046029093,17.12649148842689,0.0,3.068514557602203,10.897273203232764,4.631176454284782
-1.7421000000000002,26.83219229176024,18.290555673622976,0.0,8.541636618137264,13.775122533395821,7.466873919142866
-1.6921000000000002,32.617191775957565,18.672157864265714,0.0,13.945033911691851,15.473735845100544,10.876772593403366
-1.6421000000000001,33.328679595861665,17.344751177194002,0.0,15.983928418667663,15.268773114101538,11.899009989309189
-1.5921000000000003,31.221315490113007,16.16575990911092,0.0,15.055555581002086,14.297088874717076,11.292607243527012
-1.5421,29.616588907482964,16.849883988720084,0.0,12.76670491876288,14.247950523772587,10.012316086742523
-1.4921000000000002,26.552796086742248,18.848003456363223,0.0,7.704792630379025,14.665882923135094,6.7084208975566195
-1.4421,25.174070543413237,20.594911866332172,0.0,4.579158677081065,15.95688982997611,3.889221177409901
-1.3921000000000001,25.560163392245798,21.27130035177814,0.0,4.288863040467657,17.06285417683464,3.1213315736916183
-1.3421000000000003,24.547711776948223,20.666208140467393,0.0,3.8815036364808293,16.493063006991797,3.1668684245794605
-1.2921,22.80969876842648,19.627221622278473,0.0,3.182477146148006,15.193552530627393,3.262547985217947
-1.2421000000000002,24.348757021561795,21.198934829715384,0.0,3.149822191846411,15.57055610646024,4.154139699065015
-1.1921,32.46743371342971,25.629647779610686,0.0,6.837785933819028,19.348729896134138,7.018930034278624
-1.1421000000000001,40.54251624926352,28.069551934280298,0.0,12.472964314983223,23.23590763776619,9.851684667027403
-1.0921000000000003,38.930065097431196,26.315506421575584,0.0,12.614558675855612,22.72977922244247,9.145299077745758
-1.0421,32.5688283124083,24.752811131356584,0.0,7.816017181051716,19.976736026583012,6.794110747760445
-0.9921000000000002,31.978440524631367,25.1420323551954,0.0,6.836408169435966,20.2964102042447,5.997841326668272
-0.9420999999999999,34.72624270645198,25.95927973862089,0.0,8.766962967831088,22.671110402992106,5.739805147858185
-0.8921000000000001,36.471241287658884,27.779372229434077,0.0,8.691869058224807,24.739555311617753,5.08397740882074
-0.8421000000000003,36.0446214647081,31.65368562732259,0.0,4.390935837385509,25.56785052273217,4.125427298180373
-0.7921,35.88074556555672,34.521427110381076,0.0,1.3593184551756465,26.79637271042394,3.078206208619081
-0.7421000000000002,37.44733703121727,33.28903112932233,0.0,4.158305901894941,29.0858651131338,2.215543097168359
-0.6920999999999999,36.77409159051308,31.006121554902407,0.0,5.767970035610674,28.903211107961305,1.6121691897578934
-0.6421000000000001,33.86132464835782,31.117507768435235,0.0,2.743816879922587,26.728876948543657,1.2525742288294501
-0.5921000000000003,32.49588970040726,34.39044685506352,0.0,-1.8945571546562618,26.02760523328876,1.003545375491781
-0.5421,34.2988762157461,38.30618094028947,0.0,-4.007304724543374,28.005821218365725,0.785220694446407
-0.4921000000000002,38.094551956538055,38.84231928571925,0.0,-0.7477673291811939,31.484320362854206,0.6268219581452475
-0.44209999999999994,39.72308384180404,37.88770332663883,0.0,1.8353805151652125,32.889426389235474,0.5088539127354232
-0.3921000000000001,39.578533524420564,40.87162980448649,0.0,-1.2930962800659245,32.609951430042926,0.44635942265303086
-0.3421000000000003,41.02827978779988,51.772238915850174,0.0,-10.743959128050292,33.48455770562923,0.4714668095038873
-0.2921,46.585323030051526,66.18603427274856,0.0,-19.60071124269703,37.669247398608064,0.5882804750928592
-0.2421000000000002,54.40365874306437,73.95031334792678,0.0,-19.54665460486241,43.741961616924,0.7615834772418933
-0.19209999999999994,59.92377636999794,72.41503244107474,0.0,-12.491256071076805,48.090320051359356,0.9102219085028596
-0.14210000000000012,66.1469676484202,71.09333879146438,0.0,-4.946371143044175,53.15517333743356,1.0877804013721406
-0.09210000000000029,74.88845508799669,77.03721685580891,0.0,-2.1487617678122177,60.3863247263989,1.294921212543598
-0.042100000000000026,85.71945020887111,82.11626874510729,0.0,3.6031814637638178,69.40292403006843,1.3628314174994136
0.007899999999999796,97.71739171773953,88.75534754268006,0.0,8.962044175059475,79.2258583495482,1.4077560680071985
0.05790000000000006,100.39427847539224,101.97671659721748,0.0,-1.5824381218252341,81.1603614600943,1.4987500891300316
0.10789999999999988,94.75474951547795,113.46432950584034,0.0,-18.709579990362386,76.30613785553058,1.456873083513984
0.1578999999999997,91.38278432959018,111.2919166278483,0.0,-19.909132298258115,73.66201691893556,1.344090967494676
0.20789999999999997,89.82498751987168,106.38042434403583,0.0,-16.555436824164147,72.81478857367742,1.272943276323679
0.2578999999999998,89.65462531426617,106.41826054980194,0.0,-16.763635235535773,72.99843913475172,1.2338301457340195
0.30790000000000006,87.65327147757688,101.78278274244028,0.0,-14.129511264863396,71.29699099287492,1.1915591638814087
0.3578999999999999,84.3284547843513,89.37630232280688,0.0,-5.047847538455585,68.37428111989368,1.1277972787100579
0.4078999999999997,85.33647448533765,75.9309685027188,0.0,9.405505982618848,69.02027596351022,1.1020910521590923
0.45789999999999953,85.94380667719668,71.18389394008989,0.0,14.759912737106788,69.44327028736848,1.089555176882875
0.5079000000000002,84.64160051643478,75.66892386402938,0.0,8.972676652405397,68.40457350613035,1.0038148100394442
0.5579000000000001,87.77234770707324,82.17333871572181,0.0,5.599008991351425,70.97600422943022,0.9203916235056679
0.6078999999999999,93.00522375082207,87.10108259408395,0.0,5.90414115673812,75.44521454202673,0.9176543634215377
0.6578999999999997,94.68806140991677,93.6299161417371,0.0,1.058145268179672,77.18555456692404,0.9512237679990021
0.7078999999999995,98.51378457742933,96.02969369751492,0.0,2.484090879914419,80.66191139355935,0.9981613496030093
0.7579000000000002,105.89532431638474,93.50606462961493,0.0,12.389259686769819,87.04107717061402,1.0487410839245874
0.8079000000000001,110.53272783411171,93.41411648383126,0.0,17.118611350280446,91.20300881618189,1.1227882424560947
0.8578999999999999,113.21759580281224,100.08078654386694,0.0,13.136809258945306,94.09451576814561,1.2620949361904006
0.9078999999999997,112.68238745684351,106.13609872539547,0.0,6.546288731448044,94.41630862931578,1.306736959226622
0.9578999999999995,108.03107783907006,103.16641559797074,0.0,4.8646622410993245,90.91678995547429,1.1961655017807478
1.0079000000000002,108.43399864772243,98.33601940368287,0.0,10.097979244039564,91.48803927825206,1.1773684245150768
1.0579,113.60655772974037,102.56520953443888,0.0,11.041348195301495,96.07561388212407,1.3335146141086067
1.1078999999999999,126.82045185977108,117.51095460177444,0.0,9.30949725799664,107.50587398437506,1.702484189552862
1.1578999999999997,144.71812865197205,121.25091199807788,0.0,23.46721665389417,122.95668533425267,2.199822496515635
1.2078999999999995,154.662530752176,114.4745349390996,0.0,40.1879958130764,131.68910245734975,2.442116393395611
1.2579000000000002,158.0278579288107,124.26893024138388,0.0,33.75892768742682,134.8253418019964,2.3714683137259565
1.3079,164.88072269595443,146.9700261580225,0.0,17.910696537931926,140.9510490630464,2.375536571562453
1.3578999999999999,173.82388134467448,175.2994647910758,0.0,-1.4755834464013162,148.93474463421256,2.4586054426720914
1.4078999999999997,180.03086045739641,210.31482011529016,0.0,-30.283959657893746,154.6528160687111,2.360254628591309
1.4578999999999995,184.49401329696713,219.39021823691502,0.0,-34.89620493994789,158.92314212259953,2.1707714523622976
1.5079000000000002,187.71491787745106,211.10486217060983,0.0,-23.389944293158777,162.20773631362596,2.140360632399066
1.5579,195.4115588192335,209.36131908371473,0.0,-13.949760264481228,169.65116616318045,2.2696944883059222
1.6078999999999999,211.58789545269502,211.1006781335142,0.0,0.48721731918081446,185.080132413972,2.3659421095290285
1.6578999999999997,235.4196031339859,221.74439322545544,0.0,13.675209908530462,207.50609389089325,2.3122058070015177
1.7078999999999995,255.2518645371569,233.8560609150112,0.0,21.395803622145706,224.88387117889613,2.1568731780335275
1.7579000000000002,238.02331201011327,210.84939655249931,0.0,27.17391545761396,206.85369861410032,2.0500002043965413
1.8079,171.9747231634797,134.94402725205777,0.0,37.03069591142193,146.18247935555453,1.7932466327555017
1.8578999999999999,87.55160820907534,56.715292473809,0.0,30.83631573526634,72.74942917764913,1.1151159199150094
1.9078999999999997,31.606763701831312,16.78823002581875,0.0,14.818533676012564,25.765561228220974,0.4635442782087569
