Energy_minus_Ef,Total_DOS_Combi,Total_DOS_Slab,Total_DOS_Ads,Delta_DOS,V_d_proj,S_p_proj
-15.6416,58.4600702144602,0.0,0.0,58.4600702144602,6.460147497506741,0.01451877157414325
-15.5916,62.59568767794159,0.0,0.0,62.59568767794159,6.598284200502508,0.013323886065464398
-15.5416,59.593084057959146,0.0,0.0,59.593084057959146,5.988630580234219,0.01799738069545065
-15.4916,50.047262404131544,0.0,0.0,50.047262404131544,5.23261774402248,0.03063639004495057
-15.441600000000001,41.99745226089364,0.0,0.0,41.99745226089364,4.7098382247377355,0.041903564803498
-15.3916,36.51058993738015,32.71212149650191,0.0,3.7984684408782456,4.137020138562399,0.04834199763856406
-15.3416,36.53343596383751,38.04739311628645,0.0,-1.5139571524489384,4.167521920846996,0.05031090991665526
-15.2916,44.58081019451342,44.426190932310035,0.0,0.15461926220338285,5.5302063343576355,0.0495512390260882
-15.2416,63.49556129794044,55.48669761243991,0.0,8.008863685500529,8.668281905393085,0.06857373504442969
-15.191600000000001,87.77064227262704,71.81761008703793,0.0,15.953032185589109,12.407317721235732,0.12155846581515722
-15.1416,102.9934839459109,79.31475619475626,0.0,23.67872775115464,14.17829600894721,0.21357985448309952
-15.0916,101.07463408974792,70.69204616550923,0.0,30.382587924238692,13.090047034319337,0.31945778045204887
-15.0416,98.75619176797926,64.13056300320248,0.0,34.62562876477678,12.365921894768865,0.3838960032012339
-14.9916,100.67033792319296,72.37962376057698,0.0,28.290714162615984,12.575022962117204,0.43381516669000797
-14.941600000000001,92.23488748761375,87.57970903543885,0.0,4.655178452174894,10.96711164606644,0.5182683632378917
-14.8916,77.27001172630366,98.76570077263011,0.0,-21.495689046326447,8.120398010845806,0.631841460111441
-14.8416,71.5671913654482,99.1320943461756,0.0,-27.56490298072741,6.6194815408620205,0.7599497063903768
-14.7916,67.16751707613528,80.08372122816704,0.0,-12.916204152031753,6.079796727308168,0.7023254904488127
-14.7416,53.777511029963726,53.298224032240455,0.0,0.4792869977232712,4.755658071193,0.44068832563125526
-14.691600000000001,42.659867346337336,34.47444759699009,0.0,8.185419749347247,3.3879794828018612,0.2272736468542434
-14.6416,35.42485803135114,28.589529856673472,0.0,6.83532817467767,2.450631726789567,0.1310286325206336
-14.5916,26.417402455782565,29.012322138019574,0.0,-2.594919682237009,1.6377379026970036,0.08009570483418403
-14.5416,12.057074865770637,22.476135235136105,0.0,-10.419060369365468,0.7097233186956419,0.03349593746051012
-14.4916,2.4455652271077915,10.00218345037787,0.0,-7.556618223270079,0.14128624445769616,0.006570489262948851
-14.441600000000001,0.19415986883496533,2.2701033323247266,0.0,-2.0759434634897613,0.011141763835746974,0.0005152087705804901
-14.3916,0.005759370313134928,0.25486245419779197,0.0,-0.24910308388465704,0.0003292435445918232,1.5177586161718522e-05
-14.3416,1.4052215584547883e-07,0.01390533037155299,0.0,-0.013905189849397145,4.530324563346052e-09,4.401689243578856e-10
-14.2916,0.0,0.0003039830096113311,0.0,-0.0003039830096113311,0.0,0.0
-14.2416,0.0,2.908139472877919e-12,0.0,-2.908139472877919e-12,0.0,0.0
-14.191600000000001,0.0,0.0,0.0,0.0,0.0,0.0
-14.1416,0.0,0.0,0.0,0.0,0.0,0.0
-14.0916,0.0,0.0,0.0,0.0,0.0,0.0
-14.0416,0.0,0.0,0.0,0.0,0.0,0.0
-13.9916,0.0,0.0,0.0,0.0,0.0,0.0
-13.941600000000001,0.0,0.0,0.0,0.0,0.0,0.0
-13.8916,0.0,0.0,0.0,0.0,0.0,0.0
-13.8416,0.0,0.0,0.0,0.0,0.0,0.0
-13.7916,0.0,0.0,0.0,0.0,0.0,0.0
-13.7416,0.0,0.0,0.0,0.0,0.0,0.0
-13.691600000000001,0.0,0.0,0.0,0.0,0.0,0.0
-13.6416,0.0,0.0,0.0,0.0,0.0,0.0
-13.5916,0.0,0.0,0.0,0.0,0.0,0.0
-13.5416,0.0,0.0,0.0,0.0,0.0,0.0
-13.4916,0.0,0.0,0.0,0.0,0.0,0.0
-13.441600000000001,0.0,0.0,0.0,0.0,0.0,0.0
-13.3916,0.0,0.0,0.0,0.0,0.0,0.0
-13.3416,0.0,0.0,0.0,0.0,0.0,0.0
-13.2916,0.0,0.0,0.0,0.0,0.0,0.0
-13.2416,0.0,0.0,0.0,0.0,0.0,0.0
-13.191600000000001,0.0,0.0,0.0,0.0,0.0,0.0
-13.1416,0.0,0.0,0.0,0.0,0.0,0.0
-13.0916,0.0,0.0,0.0,0.0,0.0,0.0
-13.0416,0.0,0.0,0.0,0.0,0.0,0.0
-12.9916,0.0,0.0,0.0,0.0,0.0,0.0
-12.941600000000001,0.0,0.0,0.0,0.0,0.0,0.0
-12.8916,0.0,0.0,0.0,0.0,0.0,0.0
-12.8416,0.0,0.0,0.0,0.0,0.0,0.0
-12.7916,0.0,0.0,0.0,0.0,0.0,0.0
-12.7416,0.0,0.0,0.0,0.0,0.0,0.0
-12.691600000000001,0.0,0.0,0.0,0.0,0.0,0.0
-12.6416,0.0,0.0,0.0,0.0,0.0,0.0
-12.5916,0.0,0.0,0.0,0.0,0.0,0.0
-12.5416,0.0,0.0,0.0,0.0,0.0,0.0
-12.4916,0.0,0.0,0.0,0.0,0.0,0.0
-12.441600000000001,0.0,0.0,0.0,0.0,0.0,0.0
-12.3916,0.0,0.0,0.0,0.0,0.0,0.0
-12.3416,0.0,0.0,0.0,0.0,0.0,0.0
-12.2916,0.0,0.0,0.0,0.0,0.0,0.0
-12.2416,0.0,0.0,0.0,0.0,0.0,0.0
-12.191600000000001,0.0,0.0,0.0,0.0,0.0,0.0
-12.1416,0.0,0.0,0.0,0.0,0.0,0.0
-12.0916,0.0,0.0,0.0,0.0,0.0,0.0
-12.0416,0.0,0.0,0.0,0.0,0.0,0.0
-11.9916,0.0,0.0,0.0,0.0,0.0,0.0
-11.941600000000001,0.0,0.0,0.0,0.0,0.0,0.0
-11.8916,0.0,0.0,0.0,0.0,0.0,0.0
-11.8416,0.0,0.0,0.0,0.0,0.0,0.0
-11.7916,0.0,0.0,0.0,0.0,0.0,0.0
-11.7416,0.0,0.0,0.0,0.0,0.0,0.0
-11.691600000000001,0.0,0.0,0.0,0.0,0.0,0.0
-11.6416,0.0,0.0,0.0,0.0,0.0,0.0
-11.5916,0.0,0.0,0.0,0.0,0.0,0.0
-11.5416,0.0,0.0,0.0,0.0,0.0,0.0
-11.4916,0.0,0.0,0.0,0.0,0.0,0.0
-11.4416,0.0,0.0,0.0,0.0,0.0,0.0
-11.3916,0.0,0.0,0.0,0.0,0.0,0.0
-11.3416,0.0,0.0,0.0,0.0,0.0,0.0
-11.2916,0.0,0.0,0.0,0.0,0.0,0.0
-11.2416,0.0,0.0,0.0,0.0,0.0,0.0
-11.1916,0.0,0.0,0.0,0.0,0.0,0.0
-11.1416,0.0,0.0,0.0,0.0,0.0,0.0
-11.0916,0.0,0.0,0.0,0.0,0.0,0.0
-11.0416,0.0,0.0,0.0,0.0,0.0,0.0
-10.9916,0.0,0.0,0.0,0.0,0.0,0.0
-10.9416,0.0,0.0,0.0,0.0,0.0,0.0
-10.8916,0.0,0.0,0.0,0.0,0.0,0.0
-10.8416,0.0,0.0,0.0,0.0,0.0,0.0
-10.7916,0.0,0.0,0.0,0.0,0.0,0.0
-10.7416,0.0,0.0,0.0,0.0,0.0,0.0
-10.6916,0.0,0.0,0.0,0.0,0.0,0.0
-10.6416,0.0,0.0,0.0,0.0,0.0,0.0
-10.5916,0.0,0.0,0.0,0.0,0.0,0.0
-10.5416,0.0,0.0,0.0,0.0,0.0,0.0
-10.4916,0.0,0.0,0.0,0.0,0.0,0.0
-10.4416,0.0,0.0,0.0,0.0,0.0,0.0
-10.3916,0.0,0.0,0.0,0.0,0.0,0.0
-10.3416,0.0,0.0,0.0,0.0,0.0,0.0
-10.2916,0.0,0.0,0.0,0.0,0.0,0.0
-10.2416,0.0,0.0,0.0,0.0,0.0,0.0
-10.1916,0.0,0.0,0.0,0.0,0.0,0.0
-10.1416,0.0,0.0,0.0,0.0,0.0,0.0
-10.0916,0.0,0.0,0.0,0.0,0.0,0.0
-10.0416,0.0,0.0,0.0,0.0,0.0,0.0
-9.9916,0.0,0.0,0.0,0.0,0.0,0.0
-9.9416,0.0,0.0,0.0,0.0,0.0,0.0
-9.8916,0.0,0.0,0.0,0.0,0.0,0.0
-9.8416,0.0,0.0,0.0,0.0,0.0,0.0
-9.7916,0.0,0.0,0.0,0.0,0.0,0.0
-9.7416,0.0,0.0,0.0,0.0,0.0,0.0
-9.6916,0.0,0.0,0.0,0.0,0.0,0.0
-9.6416,0.0,0.0,0.0,0.0,0.0,0.0
-9.5916,0.0,0.0,0.0,0.0,0.0,0.0
-9.5416,0.0,0.0,0.0,0.0,0.0,0.0
-9.4916,0.0,0.0,0.0,0.0,0.0,0.0
-9.4416,0.0,0.0,0.0,0.0,0.0,0.0
-9.3916,0.0,0.0,0.0,0.0,0.0,0.0
-9.3416,0.0,0.0,0.0,0.0,0.0,0.0
-9.2916,0.0,0.0,0.0,0.0,0.0,0.0
-9.2416,0.0,0.0,0.0,0.0,0.0,0.0
-9.1916,0.0,0.0,0.0,0.0,0.0,0.0
-9.1416,0.0,0.0,0.0,0.0,0.0,0.0
-9.0916,0.0,0.0,0.0,0.0,0.0,0.0
-9.0416,0.0,0.0,0.0,0.0,0.0,0.0
-8.9916,0.0,0.0,0.0,0.0,0.0,0.0
-8.9416,0.0,0.0,0.0,0.0,0.0,0.0
-8.8916,0.0,0.0,0.0,0.0,0.0,0.0
-8.8416,0.0,0.0008083958581478809,0.0,-0.0008083958581478809,0.0,0.0
-8.7916,0.0,0.02805396907800601,0.0,-0.02805396907800601,0.0,0.0
-8.7416,0.0013195699587013536,0.36993746927100063,0.0,-0.36861789931229927,0.0003737782280990044,6.589819956029883e-07
-8.6916,0.04504984488211717,2.023904930875399,0.0,-1.9788550859932816,0.012759494469400282,2.250582578631682e-05
-8.6416,0.5784660080390701,5.302159202451155,0.0,-4.723693194412085,0.16381305048116984,0.0002892090339574585
-8.5916,2.9772021090130454,8.238616334513924,0.0,-5.261414225500879,0.8427680773276066,0.0014919455404143037
-8.5416,6.9684628020568855,9.619460528103817,0.0,-2.6509977260469313,1.9708661171496495,0.0035184712075383203
-8.4916,9.479220984270025,10.630149206781285,0.0,-1.1509282225112596,2.6760270992671544,0.00488702971056346
-8.4416,10.621897878698903,13.872915381774842,0.0,-3.251017503075939,2.9845043730722614,0.005708827755884428
-8.3916,13.568697393888893,19.391132075513404,0.0,-5.822434681624511,3.779431644875541,0.007733402430847646
-8.3416,18.87263245628052,22.36989445240167,0.0,-3.49726199612115,5.22057815577439,0.011331196733908356
-8.2916,22.632106950716384,22.171689238433892,0.0,0.4604177122824922,6.229493036248757,0.014270831138692491
-8.2416,25.478229271946972,22.074272734790252,0.0,3.40395653715672,6.976971139422258,0.01692745565666895
-8.1916,28.299596525110324,23.370479165804237,0.0,4.929117359306087,7.723000315200224,0.019414925145198277
-8.1416,26.518255714483118,24.786095856506265,0.0,1.7321598579768533,7.211287716456093,0.01892986341563882
-8.0916,23.756891612132684,24.49452105802177,0.0,-0.7376294458890875,6.431071522590894,0.018549730838004097
-8.0416,23.376232512326077,24.998293007830814,0.0,-1.622060495504737,6.3055746305765155,0.020100460856472598
-7.9916,23.80750943728269,25.5045039855752,0.0,-1.696994548292512,6.399867835349656,0.021770471235603148
-7.941599999999999,24.497913779747535,24.330327703198513,0.0,0.16758607654902136,6.561147705545267,0.024109042035249488
-7.8916,25.814378034784227,25.766526393845673,0.0,0.04785164093855343,6.888937438189153,0.02799197347253003
-7.8416,28.17329649598156,28.351397307424097,0.0,-0.17810081144253687,7.494785872819982,0.03353074802530202
-7.791600000000001,31.06857993168338,30.185658171586233,0.0,0.8829217600971475,8.245980616043287,0.040343199881950495
-7.7416,32.31943541241337,33.7604602716,0.0,-1.4410248591866335,8.543379416281999,0.04603357493035758
-7.691599999999999,33.43989074230778,36.1654165641883,0.0,-2.7255258218805167,8.783581467523188,0.051673006697999804
-7.6416,36.53097320643829,37.25863312186428,0.0,-0.7276599154259884,9.55821546571993,0.05979858742423442
-7.5916,43.59441011209738,44.1137778834549,0.0,-0.5193677713575227,11.440449043161863,0.07957841363451228
-7.5416,53.494937487644194,55.10608420755479,0.0,-1.611146719910593,14.053559938895305,0.11303628817858902
-7.4916,61.16785796111182,60.01183138397952,0.0,1.1560265771323017,15.951816852380404,0.14043589948142424
-7.441599999999999,62.19548772700521,62.88359519975138,0.0,-0.6881074727461751,15.98953140435246,0.1577360459513552
-7.3916,61.587636598799364,66.20790344156721,0.0,-4.6202668427678475,15.64613379570633,0.2097605202474022
-7.3416,64.88762853463224,64.11169119134091,0.0,0.7759373432913321,16.430203473029433,0.29377603016871967
-7.2916,69.09125343915363,64.51110480939246,0.0,4.580148629761169,17.4212512282658,0.36594986564507914
-7.2416,69.82409469798421,71.768192654586,0.0,-1.9440979566017944,17.540670949183713,0.4352224889923478
-7.191599999999999,71.82393484682078,80.86357448495075,0.0,-9.03963963812997,17.958593038498222,0.5267686936776881
-7.1416,73.23996516829689,86.81130350948723,0.0,-13.57133834119034,18.018413744749623,0.5796087874654149
-7.0916,75.50645054387238,93.47544780329567,0.0,-17.96899725942329,17.969254831079645,0.6079225057410367
-7.0416,82.91154077407732,98.84997900718737,0.0,-15.938438233110048,18.872604595175417,0.7521140460477158
-6.9916,84.24814403456782,87.93346609375249,0.0,-3.6853220591846707,18.605087610188267,1.0241233240502412
-6.941599999999999,74.9173643217818,68.8559484960318,0.0,6.061415825750004,16.542687450243694,1.6961062492920205
-6.8916,68.09315253251089,65.30912021379372,0.0,2.7840323187171663,15.267912974229972,3.094395469383068
-6.8416,69.22280009368654,71.136107029346,0.0,-1.913306935659449,15.559570447626685,4.669193213594744
-6.7916,74.04449106442704,68.79326441968536,0.0,5.251226644741678,16.718203529373042,5.573630986788953
-6.7416,77.10687265845678,68.72528079568215,0.0,8.381591862774627,17.519763648696937,5.415791435138702
-6.691599999999999,74.4270683820498,70.98605675645534,0.0,3.441011625594456,16.87214274410988,3.7099501658049023
-6.6416,73.83161715566584,71.34905768000104,0.0,2.4825594756648,16.145637474140294,1.9222293509254238
-6.5916,78.46240453969364,77.93767531897826,0.0,0.524729220715372,16.861813742349387,1.07064892880949
-6.5416,77.86729293390783,89.02721938259268,0.0,-11.159926448684843,17.416039100310023,0.81116000561016
-6.4916,72.8801500985924,91.73610896318284,0.0,-18.85595886459045,17.012165017058596,0.7403984672339523
-6.441599999999999,68.57292048292695,78.51544272292546,0.0,-9.94252223999851,16.362185288084824,0.701643636960443
-6.3916,61.56840365603312,62.40357441339228,0.0,-0.8351707573591582,14.95391337030157,0.6380012152535703
-6.3416,55.249923350842536,53.056075600474514,0.0,2.193847750368022,13.683817761128795,0.6123871086085074
-6.2916,50.0587670179051,51.77260580530536,0.0,-1.7138387874002632,12.603162544791392,0.7144717018444572
-6.2416,48.23111438894445,58.392759794949626,0.0,-10.161645406005178,12.288546391499336,0.9864576834756256
-6.191599999999999,51.381947273784476,67.45446781499618,0.0,-16.072520541211702,13.642484929966091,1.3741521365242662
-6.1416,65.9652867625549,78.56312895957858,0.0,-12.597842197023681,19.014624321780403,2.116966128438009
-6.0916,102.16148556575308,102.48298826199616,0.0,-0.3215026962430727,31.101740650968495,3.565576524109833
-6.0416,148.25933746647263,129.8437025677095,0.0,18.41563489876313,46.47452027084809,5.1475745615983906
-5.9916,177.86382630112917,143.36613284682124,0.0,34.49769345430792,56.691647598440085,6.424677486989285
-5.941599999999999,183.7594478673767,158.93044773122202,0.0,24.82900013615469,57.593135282295464,8.578424248781484
-5.8916,178.16392384094985,166.25373504191003,0.0,11.910188799039815,54.92680799833265,10.233446989261212
-5.8416,166.68757792801426,153.01099251654867,0.0,13.676585411465595,52.6822074465793,7.864848890683536
-5.7916,153.95318261533737,135.1554037521242,0.0,18.797778863213182,50.615310832014586,4.041192566787849
-5.7416,142.34262760527292,123.65933711276601,0.0,18.683290492506913,48.019838822590685,1.9448646058948706
-5.691599999999999,136.7477301192725,125.00079349335142,0.0,11.746936625921066,46.79311608720276,1.146155754065132
-5.6416,138.95139028592547,132.50451945220095,0.0,6.4468708337245175,47.90913502975019,0.8465261199971419
-5.5916,145.29940550082898,143.72473279995495,0.0,1.5746727008740322,49.990724252993324,0.7908517115125788
-5.5416,149.67905000182105,150.60090248223793,0.0,-0.9218524804168737,51.39274277698475,0.7586243417728584
-5.4916,156.4019191142149,145.4165913930119,0.0,10.985327721202992,53.862798003956975,0.6804586630530547
-5.4416,162.53837104597517,129.51244576799982,0.0,33.02592527797535,56.087041512342054,0.6207140617400204
-5.3916,155.10117387449958,116.61832823140521,0.0,38.482845643094365,53.23583234775283,0.5795979090584988
-5.3416,138.81279858511172,109.291509517035,0.0,29.521289068076726,47.32441607039162,0.5721759462172171
-5.2916,128.685054183098,96.94276350638906,0.0,31.742290676708947,43.94659516102507,0.6518183110841811
-5.2416,128.1953592569243,93.55470328633392,0.0,34.64065597059037,44.01909494621444,0.7818951438258468
-5.1916,128.6742780257616,101.45974036599196,0.0,27.214537659769633,43.754041685612364,0.926640448872668
-5.1416,132.26930657623203,110.996258591385,0.0,21.273047984847025,44.352908545829706,1.1187723020409472
-5.0916,145.91080565657822,120.90337955527602,0.0,25.0074261013022,48.131854654238786,1.4229521484629324
-5.0416,159.7547802825527,127.2612750603546,0.0,32.493505222198095,51.47691048036718,1.7642112416125684
-4.9916,162.9742989139333,134.87229926544944,0.0,28.101999648483854,51.82076360802286,1.8977340214012377
-4.9416,156.42238345949306,148.6043533515479,0.0,7.818030107945162,49.74488971368067,1.6881768806102486
-4.8916,142.5083710727626,145.96597456831628,0.0,-3.457603495553684,45.62121276539432,1.4841616372885928
-4.8416,133.77275081242823,131.4169771347727,0.0,2.3557736776555203,43.25557452728265,1.6031941434162271
-4.7916,130.6212767763591,125.97231375378784,0.0,4.648963022571266,42.79082475630483,1.8188328225656405
-4.7416,130.14978095848926,126.5195398012296,0.0,3.630241157259661,42.975181999667754,2.0574351210407387
-4.6916,133.33517003316524,136.94192138884824,0.0,-3.606751355683002,43.955482203858416,2.4778082262162675
-4.6416,131.13645777146598,143.52462430928477,0.0,-12.38816653781879,43.123289202339606,2.858414589572664
-4.5916,126.93853034189095,133.99346998457514,0.0,-7.0549396426841895,41.949609569027885,2.957070455842163
-4.5416,121.66924299961649,117.45485844016467,0.0,4.2143845594518154,40.40443462919331,2.60625493750059
-4.4916,115.19256022441321,99.6240075912765,0.0,15.568552633136719,37.95843770977292,2.175460043065705
-4.4416,112.2478036609736,87.96949417001208,0.0,24.27830949096152,36.32901903518293,2.036565738168359
-4.3916,109.12547978894622,92.4510213583434,0.0,16.674458430602826,34.66761363379008,2.113576975188641
-4.3416,101.42971144675889,108.89053604910497,0.0,-7.460824602346079,31.708025762851392,2.12475749940013
-4.2916,93.68153932499818,109.81114683790175,0.0,-16.12960751290356,29.175403816567602,2.2009594958439775
-4.2416,96.63210412955617,97.5232228152605,0.0,-0.8911186857043276,30.077645756785536,2.8113023742920507
-4.1916,100.4314581068675,86.94484397160065,0.0,13.486614135266848,31.248079155693716,3.5580486240316445
-4.1416,95.1662174821507,86.67058859055187,0.0,8.495628891598827,29.76191186606091,3.6499511725618325
-4.0916,89.36987472837494,86.56776484280243,0.0,2.8021098855725057,27.999670593892873,3.397748954677402
-4.0416,84.2331217192503,80.93407083901434,0.0,3.299050880235967,26.3188382016402,3.0266442600772683
-3.9916,76.94867788868257,73.50952796665166,0.0,3.439149922030907,24.04655541940869,2.4771866245407717
-3.9415999999999998,67.57999121927854,67.87293348772954,0.0,-0.29294226845100013,20.96586839374453,2.2291200350594798
-3.8916,60.22858931832269,59.780315439167275,0.0,0.4482738791554155,18.39838954126294,2.636533940087495
-3.8416,53.95927658958845,47.91575775405871,0.0,6.0435188355297385,16.39864436150646,3.3063289936747093
-3.7916,49.57463293832747,40.5221111667555,0.0,9.052521771571968,15.144812999456502,3.6602558280890403
-3.7416,45.34221759914733,38.18611135360216,0.0,7.156106245545175,13.811332753763612,3.640600522903668
-3.6915999999999998,43.44998527801744,39.3102956373202,0.0,4.1396896406972346,13.155786011415024,3.768435512607126
-3.6416,45.57028930757184,38.909473934136436,0.0,6.660815373435405,13.583451336415408,4.434535705081059
-3.5916,48.416654848813465,35.28839992959964,0.0,13.128254919213823,14.110249962787954,5.0715877419625
-3.5416,45.114068690254655,31.691235182605883,0.0,13.422833507648772,13.198307964012553,4.237059267023444
-3.4916,35.5736028127572,28.145120054284153,0.0,7.428482758473049,10.944750691647268,2.2993672040699247
-3.4415999999999998,28.778671229739693,25.46599182254671,0.0,3.3126794071929844,9.52451750982974,1.0322355713690907
-3.3916,25.66716625877661,23.780424051242836,0.0,1.886742207533775,8.752449191120377,0.6666529871213187
-3.3416,22.137770260124853,21.311721648307667,0.0,0.8260486118171855,7.334694319412836,0.5783880932149317
-3.2916,16.983004718123777,17.391279689898305,0.0,-0.408274971774528,5.232785631868072,0.5557680068970294
-3.2416,13.307417828239867,13.370089880826713,0.0,-0.06267205258684605,3.7613042422781664,0.8286985428566093
-3.1915999999999998,13.19905454677155,11.189576339820013,0.0,2.0094782069515364,3.5065091354426396,1.8350998283815052
-3.1416,15.544165181309346,11.155310006006742,0.0,4.388855175302604,3.9797221588982934,3.5953335451073407
-3.0915999999999997,16.996551495255666,11.239600856899894,0.0,5.756950638355772,4.214450229845403,5.141147984603236
-3.0416,16.024563561379424,10.152358539586952,0.0,5.872205021792471,4.023958942599519,5.130927808210099
-2.9916,13.69831757039692,9.609222894095941,0.0,4.089094676300979,4.102707681965176,3.3431409754288612
-2.9416,12.211501793222304,10.477722721768771,0.0,1.733779071453533,4.858564258903183,1.4716841753905325
-2.8916,12.89625176114069,11.98249056081766,0.0,0.9137612003230302,6.369040891077303,0.5864641187278399
-2.8415999999999997,14.988989886205484,13.137473662432992,0.0,1.8515162237724923,8.006246251753886,0.37333062811478995
-2.7916,16.523058985892607,13.64209371642325,0.0,2.880965269469357,8.940794072997347,0.36906483436329035
-2.7416,16.44415379783708,14.333304197399658,0.0,2.110849600437424,9.222213482599756,0.4178351386146163
-2.6916,16.723455348623908,16.01016107185831,0.0,0.7132942767655983,9.653953895762331,0.4983833135207997
-2.6416,17.910811292682986,17.678904106064195,0.0,0.23190718661879117,10.20402645907458,0.6070062412927127
-2.5915999999999997,17.50738986054214,17.841091323670348,0.0,-0.33370146312820737,10.013845763292029,0.8129342071838765
-2.5416,17.62617826173707,17.189726605161763,0.0,0.4364516565753078,10.489020554293786,1.2720473139851785
-2.4916,20.336009038794806,16.68604230327432,0.0,3.6499667355204863,12.255154339137052,2.0024557734241184
-2.4416,22.60772322796315,17.63312230480255,0.0,4.974600923160597,13.02855440079039,2.5750066907304596
-2.3916,23.42658903051209,20.013948546005008,0.0,3.412640484507083,13.128588230071317,2.724333936392558
-2.3415999999999997,23.613776858172166,22.31410117650615,0.0,1.2996756816660167,13.772160249507973,2.6917611978724074
-2.2916,23.8088859659179,24.05071243173552,0.0,-0.24182646581762057,14.817558728392381,2.5299572570122857
-2.2416,24.254796165256288,24.472110871801664,0.0,-0.21731470654537688,15.677226617021363,2.451419890830689
-2.1916,25.342795468022842,22.218354747660264,0.0,3.1244407203625784,16.277595290139068,3.185841341697329
-2.1416,27.362299306622184,20.132451410642453,0.0,7.229847895979731,17.252820601486675,4.25930153324231
-2.0915999999999997,27.963654644986363,19.685997219275833,0.0,8.27765742571053,17.737706411968038,4.357007565008235
-2.0416,29.78738553242329,20.85924499872664,0.0,8.928140533696649,18.13202082015643,5.470908873604375
-1.9916,36.534925096198876,22.542677985284197,0.0,13.992247110914679,19.411481569676866,10.142338672934828
-1.9416,41.53930039016436,22.713900926257352,0.0,18.825399463907004,19.955510111109508,14.452465447277461
-1.8916,40.11220186924803,23.893970979778363,0.0,16.21823088946967,20.649837243057384,12.729287121376846
-1.8416,36.01560845995001,27.428204121936695,0.0,8.587404338013314,21.59180087394546,7.86189306108219
-1.7915999999999999,33.02236527173707,32.294035116402746,0.0,0.7283301553343264,22.091448505487406,4.391940248514116
-1.7416,31.269497686388846,35.36816333729712,0.0,-4.0986656509082735,22.28278829201856,2.776075843464253
-1.6916,30.22708750368467,32.25017601286563,0.0,-2.023088509180962,22.557161822343275,1.946176332898181
-1.6416,30.61244393105329,28.79794119954429,0.0,1.8145027315089983,23.63519160433194,1.3667845740152855
-1.5916000000000001,32.629276640684175,29.94120144947918,0.0,2.6880751912049945,25.749200886140674,0.9618410549232526
-1.5415999999999999,36.7390019349978,34.46756721454131,0.0,2.27143472045649,29.551055002852422,0.7148586082232583
-1.4916,39.54215899200667,37.85002741690507,0.0,1.6921315751015982,32.20070131184566,0.5973983066862631
-1.4415999999999998,37.52895184863003,36.70509579277795,0.0,0.823856055852076,30.64804617221691,0.5110288214537678
-1.3916,35.3712340328092,34.515591266583506,0.0,0.8556427662256922,28.989679791010857,0.4276952024166563
-1.3416000000000001,36.18655920784427,34.4419642775743,0.0,1.7445949302699688,29.97419933055645,0.36282122475225653
-1.2915999999999999,37.67580554822746,35.34726446322055,0.0,2.3285410850069113,31.42056173005865,0.31183987425324133
-1.2416,38.60325432428694,38.877025367547,0.0,-0.2737710432600622,32.16848586415345,0.26607054220909365
-1.1915999999999998,42.177224624170236,43.04942124391192,0.0,-0.8721966197416862,35.11239537166726,0.2490365851749083
-1.1416,49.493315141704215,42.48652523853222,0.0,7.006789903171999,41.10549183034408,0.25515791666951815
-1.0916000000000001,57.937427915545655,43.91503990532542,0.0,14.022388010220233,47.81844544598914,0.2727987097516707
-1.0415999999999999,65.18156869760426,56.45866385921653,0.0,8.722904838387734,53.456865723075495,0.3053157081529293
-0.9916,75.79194330566428,76.42285938416536,0.0,-0.6309160785010874,62.20489035560909,0.3317581542594829
-0.9415999999999998,84.44003581462418,89.69208564030448,0.0,-5.252049825680302,69.79671113470812,0.3092253879551057
-0.8916,86.99007542910954,93.59715746935252,0.0,-6.607082040242986,72.72905532651879,0.2613633477945022
-0.8416000000000001,89.88754106815955,90.79089909582687,0.0,-0.9033580276673234,75.80755197349315,0.2377489345980383
-0.7915999999999999,90.98823375244876,82.21919775598128,0.0,8.76903599646748,77.02456710455749,0.23105141298931475
-0.7416,86.49057144205071,81.54467373623878,0.0,4.94589770581193,73.64917777666075,0.20592790007830292
-0.6915999999999998,87.15123994580426,88.81397235367494,0.0,-1.6627324078706778,75.08766956550855,0.18080700749147718
-0.6416,90.54827788330985,92.53439550813552,0.0,-1.986117624825667,78.49719903063503,0.1684278205517521
-0.5916000000000001,88.14082754899718,84.62680771673416,0.0,3.514019832263017,76.20336031854993,0.16051800448185533
-0.5415999999999999,86.90932324006394,79.60361320217032,0.0,7.305710037893618,74.93594843141597,0.16492809104042966
-0.49160000000000004,90.5919364329017,82.38100687424361,0.0,8.210929558658094,78.07707697540567,0.16685083986327942
-0.44159999999999977,93.54037683084644,82.72773174234983,0.0,10.812645088496609,80.58963248946975,0.15721227244580693
-0.39159999999999995,91.57168132730175,80.23240147975697,0.0,11.339279847544773,78.90734567124787,0.14894623778526211
-0.3416000000000001,88.1752181779256,85.31911954808795,0.0,2.8560986298376463,76.02122174875151,0.14943646454267775
-0.29159999999999986,87.8607850026344,93.77458699172439,0.0,-5.91380198908999,75.82194154592301,0.1597510926023636
-0.24160000000000004,96.0299143745782,96.93207253176894,0.0,-0.9021581571907404,82.9166747863191,0.1854884076546034
-0.19159999999999977,106.2456166339968,99.2690178653012,0.0,6.9765987686956095,91.80896477847259,0.21400039079752034
-0.14159999999999995,111.62803096859291,102.42513378702526,0.0,9.20289718156765,96.83558241393635,0.22017148396147734
-0.09160000000000013,116.70830395048489,113.29061174057199,0.0,3.4176922099129,101.9351546321628,0.2122041011015397
-0.04159999999999986,117.79944694806102,122.11753321106139,0.0,-4.318086263000367,103.4443786681455,0.2072837359667853
0.008399999999999963,119.36777234265037,114.9522246206428,0.0,4.415547722007574,105.29485296794213,0.22295753465006735
0.05840000000000023,123.56591971978187,104.93063885721268,0.0,18.63528086256919,109.09610288493309,0.24531672760007853
0.10840000000000005,120.50348268452478,102.68994785612969,0.0,17.813534828395092,106.10239110288768,0.23096347118035665
0.15839999999999987,117.00579793579482,113.383416016223,0.0,3.622381919571822,102.62752024456489,0.20535261327727278
0.20840000000000014,117.42910696778344,127.74751484320157,0.0,-10.318407875418131,102.55797702598346,0.1939478074601712
0.25839999999999996,119.73253713012005,130.39983055662532,0.0,-10.667293426505267,104.2443584862286,0.20385006169021286
0.30840000000000023,121.24365090591328,130.917071479339,0.0,-9.673420573425716,105.56766129716011,0.22283348139630363
0.35840000000000005,119.77382220379809,135.271743297402,0.0,-15.497921093603907,104.73689420303037,0.2386643483879171
0.4083999999999999,120.92620711408962,135.50812480915678,0.0,-14.581917695067162,106.55936402814802,0.27960845325883354
0.4583999999999997,131.57112936800024,128.0700941634,0.0,3.5010352046002424,116.88437665603794,0.34759471188537244
0.5084000000000004,160.84849240540987,146.66552938629033,0.0,14.18296301911954,144.13911117807788,0.4445253956130554
0.5584000000000002,201.67692754962894,209.67271632217992,0.0,-7.995788772550981,182.33216223005343,0.5655918768716102
0.6084,228.77612414605173,267.09510333671017,0.0,-38.31897919065844,207.95354334221713,0.6378236773034458
0.6583999999999999,236.76690188278167,282.0556814144792,0.0,-45.288779531697514,215.5147815796845,0.6364664453384082
0.7083999999999997,240.82889697481602,268.98996737171984,0.0,-28.161070396903824,219.4165323721428,0.6335645231984217
0.7584000000000004,255.9693298867224,242.69405506506294,0.0,13.275274821659451,233.78543159164417,0.7113802258775418
0.8084000000000002,256.50158411163846,213.82465049655355,0.0,42.67693361508492,233.68591522874465,0.7783366437909849
0.8584,220.8826251640123,182.7525762648085,0.0,38.130048899203786,198.83906687842068,0.7188923381472772
0.9083999999999999,188.30194755419632,168.1961708551376,0.0,20.10577669905871,166.23806805862978,0.654696782174553
0.9583999999999997,185.48420101713555,178.3010697045621,0.0,7.183131312573437,160.9362560697271,0.6684739937904118
1.0084000000000004,186.1309420428219,185.1933653373868,0.0,0.9375767054351059,159.12287583152604,0.7719940076019014
1.0584000000000002,175.0815240139437,175.59763969307642,0.0,-0.5161156791327244,147.836337442373,0.9618145962743907
1.1084,172.48069062835685,158.82378840174832,0.0,13.656902226608537,144.57228939567108,1.3746187110195374
1.1583999999999999,195.0983207592113,149.94530437964133,0.0,45.153016379569976,162.25463914196965,2.549414815448512
1.2083999999999997,227.28551918195924,171.32956789838607,0.0,55.95595128357317,186.33156701778535,4.344936743043011
1.2584000000000004,238.6228574357324,206.09911875521468,0.0,32.52373868051774,192.8782050174761,5.180888254334682
1.3084000000000002,224.18523911378338,215.70766449120387,0.0,8.47757462257951,179.62947687021898,4.3492413620666435
1.3584,202.07723981514056,195.9140867315563,0.0,6.1631530835842625,160.7424840669101,2.925990896218299
1.4083999999999999,164.5544772524299,125.62787393164713,0.0,38.926603320782775,130.09023018380242,1.7901344188915314
1.4583999999999997,94.69429088099216,52.592894116897796,0.0,42.10139676409436,74.7909101070109,0.8311940302763499
1.5084000000000004,36.19135448358684,0.0,0.0,36.19135448358684,28.679258319808447,0.2524684973175595
