Energy_minus_Ef,Total_DOS_Combi,Total_DOS_Slab,Total_DOS_Ads,Delta_DOS,Zr_d_proj,S_p_proj
-16.4267,0.0,0.0,0.0,0.0,0.0,0.0
-16.3767,0.0,0.0,0.0,0.0,0.0,0.0
-16.326700000000002,0.0,0.0,0.0,0.0,0.0,0.0
-16.276699999999998,0.0012325800527017716,0.001076193614614553,0.0,0.00015638643808721852,1.5979001853251243e-05,3.814038970895525e-06
-16.2267,0.04200586146706686,0.03677320847608599,0.0,0.005232652990980871,0.0005444482535885383,0.00012779449746747924
-16.1767,0.5378324117208055,0.47276909935062605,0.0,0.06506331237017948,0.0069686115474136435,0.0015891181154262064
-16.1267,2.7496077420168272,2.4388581656315074,0.0,0.31074957638531986,0.03559645338242779,0.007533123617022287
-16.076700000000002,6.357092733064389,5.717116710710782,0.0,0.6399760223536077,0.08214942599113059,0.014518278572146229
-16.026699999999998,8.519886117106639,7.733958210516695,0.0,0.7859279065899436,0.10976430383911812,0.013610287431542516
-15.976700000000001,9.101943217124486,8.375253804354962,0.0,0.7266894127695238,0.11708652033699236,0.009310766310039848
-15.9267,9.406846957019876,8.999252012125107,0.0,0.40759494489477,0.12266577344036497,0.007431459646658141
-15.8767,9.74841394678746,9.43326088389897,0.0,0.31515306288848954,0.14113558025697037,0.00750290137653018
-15.8267,10.70339001169135,10.406229284473,0.0,0.2971607272183512,0.29401045726304326,0.008311625405397626
-15.7767,14.635747347999956,15.005535457194568,0.0,-0.36978810919461225,1.0237661465391525,0.010622366257863504
-15.726700000000001,22.9760032431645,21.185192311675788,0.0,1.7908109314887106,2.643812114052972,0.016950084663709026
-15.6767,33.117125621344655,25.192635316750312,0.0,7.924490304594343,5.0660711093356845,0.026984026158125448
-15.6267,44.65917202450052,31.65667216737935,0.0,13.002499857121169,8.492995327674606,0.043891217295904575
-15.5767,59.56955485627827,39.021399949727964,0.0,20.54815490655031,12.125368706752173,0.09355784416318508
-15.5267,69.40731639154332,46.48285905282899,0.0,22.924457338714326,13.641234926560614,0.231639507705117
-15.476700000000001,68.9134506296916,58.89070395636837,0.0,10.022746673323226,12.43659058014994,0.5347511873943623
-15.4267,67.27681239675196,70.14912718939213,0.0,-2.872314792640168,11.04811676322597,0.8125541725135296
-15.3767,66.27131078747227,70.45069156501897,0.0,-4.179380777546697,10.699057147744178,0.6786513361534572
-15.3267,65.28669326489504,73.43832930646009,0.0,-8.151636041565055,10.712177900548582,0.3258675713225736
-15.2767,71.8410528434616,82.33804741866722,0.0,-10.496994575205619,11.32430587288217,0.1252794143863015
-15.226700000000001,87.44142159048535,84.34159685410134,0.0,3.099824736384008,13.266417098796243,0.0743118335900009
-15.1767,105.59807732256075,84.66398104592035,0.0,20.934096276640403,16.30446507934367,0.06527061138067262
-15.1267,115.31267978338235,94.28097184680405,0.0,21.0317079365783,18.271578520129815,0.0596612891272387
-15.0767,105.77758872512699,108.87486651820203,0.0,-3.097277793075037,16.566020914238905,0.05182527475894385
-15.0267,89.54648695573854,109.1990591477803,0.0,-19.65257219204176,13.406448842758255,0.050976773541776696
-14.976700000000001,81.69129356974577,99.079676081783,0.0,-17.38838251203724,11.927881623485874,0.056667771084062624
-14.9267,85.48472247649319,93.47894278743061,0.0,-7.994220310937422,12.417322271062911,0.06125272812758708
-14.8767,90.83858957760555,93.06107554646745,0.0,-2.2224859688619034,12.968835321911811,0.0650781693783929
-14.8267,89.19110258106699,94.07369647922485,0.0,-4.8825938981578645,12.631695719489013,0.0773830906043582
-14.7767,89.1895678668904,92.07768189315496,0.0,-2.88811402626456,12.770371135584893,0.09611526402128517
-14.726700000000001,92.57772740614192,89.51374171448427,0.0,3.063985691657649,13.44578976964608,0.09507923956393077
-14.6767,92.30989030391534,86.67494872340556,0.0,5.634941580509775,13.535276850058377,0.08007401539627351
-14.6267,92.38369010470595,82.62067351335736,0.0,9.763016591348588,13.381546380992212,0.08358786543248772
-14.5767,100.74384574621395,76.06592163409631,0.0,24.677924112117637,14.385074034092696,0.10491365510896672
-14.5267,115.38552500618204,75.61546071757259,0.0,39.77006428860945,16.186965434881188,0.12168702718190437
-14.476700000000001,124.74292409783303,80.64479361567554,0.0,44.09813048215749,17.086917229679596,0.13440894373503665
-14.4267,112.23480240446284,80.59498414350799,0.0,31.639818260954854,15.223407619182371,0.1366383649984313
-14.3767,88.36740325245691,76.25060141692929,0.0,12.116801835527625,11.835453017450185,0.1256989887331743
-14.3267,73.07623726868371,82.3001472208376,0.0,-9.223909952153889,9.21421306192143,0.1237277079830286
-14.2767,70.5279818234951,90.8619271424032,0.0,-20.333945318908107,8.244452817665108,0.13920528258242132
-14.226700000000001,72.5166860606038,83.26836455967856,0.0,-10.751678499074757,8.055205081239281,0.17708788064770142
-14.1767,72.10673075466181,69.14799053496975,0.0,2.9587402196920607,7.526051164433808,0.2674465125228576
-14.1267,66.76062384758153,57.455320811904535,0.0,9.305303035676992,6.307999956756432,0.4194706608415728
-14.0767,60.12678265159546,45.72105120047017,0.0,14.405731451125291,4.898606203250292,0.6615460360330752
-14.0267,55.56125038698741,41.07122223094325,0.0,14.490028156044161,3.8742706183672126,0.8609482329558538
-13.976700000000001,50.75816170137427,42.049189087076364,0.0,8.708972614297906,3.1561904880810996,0.7121808477147943
-13.9267,46.63142160089242,40.74283170778203,0.0,5.888589893110392,2.666392709985185,0.4169315361603082
-13.8767,40.41406262959208,37.81633674582898,0.0,2.597725883763104,2.098730325610865,0.21197200279260736
-13.8267,31.59395815222392,32.15854982320648,0.0,-0.5645916709825585,1.4721478259295646,0.10310702368289323
-13.7767,23.63979850081069,23.44843650055912,0.0,0.1913620002515728,1.0045373287126163,0.059402633988673084
-13.726700000000001,17.663187557097498,17.18101756597863,0.0,0.48216999111886594,0.6592133599925463,0.03889112844696713
-13.6767,11.01276368145005,11.709913450865075,0.0,-0.6971497694150255,0.34929668486466303,0.019733663567051595
-13.6267,4.2155340596865,4.931342219177997,0.0,-0.7158081594914973,0.117950670872465,0.006069931430846737
-13.5767,0.7744089614761547,0.966905200309037,0.0,-0.19249623883288236,0.02024345763806937,0.0009649890440416319
-13.5267,0.05888095669192306,0.07845833286853199,0.0,-0.01957737617660893,0.001493383062418877,6.834314941039449e-05
-13.476700000000001,0.0016996489326072202,0.0025678728866071615,0.0,-0.0008682239539999413,4.2320053946298236e-05,1.8836660414524903e-06
-13.4267,0.0,1.2847739962985709e-05,0.0,-1.2847739962985709e-05,0.0,0.0
-13.3767,0.0,0.0,0.0,0.0,0.0,0.0
-13.3267,0.0,0.0,0.0,0.0,0.0,0.0
-13.2767,0.0,0.0,0.0,0.0,0.0,0.0
-13.226700000000001,0.0,0.0,0.0,0.0,0.0,0.0
-13.1767,0.0,0.0,0.0,0.0,0.0,0.0
-13.1267,0.0,0.0,0.0,0.0,0.0,0.0
-13.0767,0.0,0.0,0.0,0.0,0.0,0.0
-13.0267,0.0,0.0,0.0,0.0,0.0,0.0
-12.976700000000001,0.0,0.0,0.0,0.0,0.0,0.0
-12.9267,0.0,0.0,0.0,0.0,0.0,0.0
-12.8767,0.0,0.0,0.0,0.0,0.0,0.0
-12.8267,0.0,0.0,0.0,0.0,0.0,0.0
-12.7767,0.0,0.0,0.0,0.0,0.0,0.0
-12.726700000000001,0.0,0.0,0.0,0.0,0.0,0.0
-12.6767,0.0,0.0,0.0,0.0,0.0,0.0
-12.6267,0.0,0.0,0.0,0.0,0.0,0.0
-12.5767,0.0,0.0,0.0,0.0,0.0,0.0
-12.5267,0.0,0.0,0.0,0.0,0.0,0.0
-12.476700000000001,0.0,0.0,0.0,0.0,0.0,0.0
-12.4267,0.0,0.0,0.0,0.0,0.0,0.0
-12.3767,0.0,0.0,0.0,0.0,0.0,0.0
-12.3267,0.0,0.0,0.0,0.0,0.0,0.0
-12.2767,0.0,0.0,0.0,0.0,0.0,0.0
-12.226700000000001,0.0,0.0,0.0,0.0,0.0,0.0
-12.1767,0.0,0.0,0.0,0.0,0.0,0.0
-12.1267,0.0,0.0,0.0,0.0,0.0,0.0
-12.0767,0.0,0.0,0.0,0.0,0.0,0.0
-12.0267,0.0,0.0,0.0,0.0,0.0,0.0
-11.976700000000001,0.0,0.0,0.0,0.0,0.0,0.0
-11.9267,0.0,0.0,0.0,0.0,0.0,0.0
-11.8767,0.0,0.0,0.0,0.0,0.0,0.0
-11.8267,0.0,0.0,0.0,0.0,0.0,0.0
-11.7767,0.0,0.0,0.0,0.0,0.0,0.0
-11.726700000000001,0.0,0.0,0.0,0.0,0.0,0.0
-11.6767,0.0,0.0,0.0,0.0,0.0,0.0
-11.6267,0.0,0.0,0.0,0.0,0.0,0.0
-11.5767,0.0,0.0,0.0,0.0,0.0,0.0
-11.5267,0.0,0.0,0.0,0.0,0.0,0.0
-11.476700000000001,0.0,0.0,0.0,0.0,0.0,0.0
-11.4267,0.0,0.0,0.0,0.0,0.0,0.0
-11.3767,0.0,0.0,0.0,0.0,0.0,0.0
-11.3267,0.0,0.0,0.0,0.0,0.0,0.0
-11.2767,0.0,0.0,0.0,0.0,0.0,0.0
-11.226700000000001,0.0,0.0,0.0,0.0,0.0,0.0
-11.1767,0.0,0.0,0.0,0.0,0.0,0.0
-11.1267,0.0,0.0,0.0,0.0,0.0,0.0
-11.0767,0.0,0.0,0.0,0.0,0.0,0.0
-11.0267,0.0,0.0,0.0,0.0,0.0,0.0
-10.976700000000001,0.0,0.0,0.0,0.0,0.0,0.0
-10.9267,0.0,0.0,0.0,0.0,0.0,0.0
-10.8767,0.0,0.0,0.0,0.0,0.0,0.0
-10.8267,0.0,0.0,0.0,0.0,0.0,0.0
-10.7767,0.0,0.0,0.0,0.0,0.0,0.0
-10.726700000000001,0.0,0.0,0.0,0.0,0.0,0.0
-10.6767,0.0,0.0,0.0,0.0,0.0,0.0
-10.6267,0.0,0.0,0.0,0.0,0.0,0.0
-10.5767,0.0,0.0,0.0,0.0,0.0,0.0
-10.5267,0.0,0.0,0.0,0.0,0.0,0.0
-10.476700000000001,0.0,0.0,0.0,0.0,0.0,0.0
-10.4267,0.0,0.0,0.0,0.0,0.0,0.0
-10.3767,0.0,0.0,0.0,0.0,0.0,0.0
-10.3267,0.0,0.0,0.0,0.0,0.0,0.0
-10.2767,0.0,0.0,0.0,0.0,0.0,0.0
-10.226700000000001,0.0,0.0,0.0,0.0,0.0,0.0
-10.1767,0.0,0.0,0.0,0.0,0.0,0.0
-10.1267,0.0,0.0,0.0,0.0,0.0,0.0
-10.0767,0.0,0.0,0.0,0.0,0.0,0.0
-10.0267,0.0,0.0,0.0,0.0,0.0,0.0
-9.976700000000001,0.0,0.0,0.0,0.0,0.0,0.0
-9.9267,0.0,0.0,0.0,0.0,0.0,0.0
-9.8767,0.0,0.0,0.0,0.0,0.0,0.0
-9.8267,0.0,0.0,0.0,0.0,0.0,0.0
-9.7767,0.0,0.0,0.0,0.0,0.0,0.0
-9.726700000000001,0.0,0.0,0.0,0.0,0.0,0.0
-9.6767,0.0,0.0,0.0,0.0,0.0,0.0
-9.6267,0.0,0.0,0.0,0.0,0.0,0.0
-9.5767,0.0,0.0,0.0,0.0,0.0,0.0
-9.5267,0.0,0.0,0.0,0.0,0.0,0.0
-9.476700000000001,0.0,0.0,0.0,0.0,0.0,0.0
-9.4267,0.0,0.0,0.0,0.0,0.0,0.0
-9.3767,0.0,0.0,0.0,0.0,0.0,0.0
-9.3267,0.0,0.0,0.0,0.0,0.0,0.0
-9.2767,0.0,0.0,0.0,0.0,0.0,0.0
-9.226700000000001,0.0,0.0,0.0,0.0,0.0,0.0
-9.1767,0.0,0.0,0.0,0.0,0.0,0.0
-9.1267,0.0,0.0,0.0,0.0,0.0,0.0
-9.0767,0.0,0.0,0.0,0.0,0.0,0.0
-9.0267,0.0,0.0,0.0,0.0,0.0,0.0
-8.976700000000001,0.0,0.0,0.0,0.0,0.0,0.0
-8.9267,0.0,0.0,0.0,0.0,0.0,0.0
-8.8767,0.0,0.0,0.0,0.0,0.0,0.0
-8.8267,0.0,0.0,0.0,0.0,0.0,0.0
-8.7767,0.0,0.0,0.0,0.0,0.0,0.0
-8.726700000000001,0.0,0.0,0.0,0.0,0.0,0.0
-8.6767,0.0,0.0,0.0,0.0,0.0,0.0
-8.6267,0.0,0.0,0.0,0.0,0.0,0.0
-8.5767,0.0,0.0,0.0,0.0,0.0,0.0
-8.5267,0.0,0.0,0.0,0.0,0.0,0.0
-8.476700000000001,0.0,0.0,0.0,0.0,0.0,0.0
-8.4267,0.0,0.0,0.0,0.0,0.0,0.0
-8.3767,0.0,0.0,0.0,0.0,0.0,0.0
-8.3267,0.0,0.0,0.0,0.0,0.0,0.0
-8.2767,0.0,0.0,0.0,0.0,0.0,0.0
-8.226700000000001,0.0,0.0,0.0,0.0,0.0,0.0
-8.1767,0.0,0.0,0.0,0.0,0.0,0.0
-8.1267,0.0,0.0,0.0,0.0,0.0,0.0
-8.0767,0.0,0.0,0.0,0.0,0.0,0.0
-8.0267,0.0,0.0,0.0,0.0,0.0,0.0
-7.9767,0.0,0.0,0.0,0.0,0.0,0.0
-7.9267,0.0,0.0,0.0,0.0,0.0,0.0
-7.8767000000000005,0.0,0.0,0.0,0.0,0.0,0.0
-7.826700000000001,0.0,0.0,0.0,0.0,0.0,0.0
-7.7767,0.0,0.0,0.0,0.0,0.0,0.0
-7.7267,0.0,0.0,0.0,0.0,0.0,0.0
-7.6767,0.0,0.0,0.0,0.0,0.0,0.0
-7.6267000000000005,0.0,0.0014633040495375805,0.0,-0.0014633040495375805,0.0,0.0
-7.576700000000001,5.67441848366505e-06,0.0498502952396636,0.0,-0.04984462082117993,1.987494516641099e-06,6.370471562286322e-09
-7.5267,0.0029448217997530063,0.6393014453136785,0.0,-0.6363566235139255,0.0010265333010433776,5.344703805196602e-06
-7.4767,0.09643616547957595,3.3048311912118056,0.0,-3.2083950257322296,0.03360051122164534,0.0001784781739462624
-7.4267,1.2197662081606953,8.12877501094,0.0,-6.909008802779304,0.42475433134150403,0.0022846740609422686
-7.3767000000000005,6.250317546921569,13.20526219432211,0.0,-6.9549446474005405,2.173789580450088,0.011908795906438318
-7.326700000000001,14.653234627043425,17.98171468709119,0.0,-3.3284800600477666,5.081652330915462,0.028923412749565294
-7.2767,20.06075429176201,20.523733204359164,0.0,-0.46297891259715485,6.918828867493676,0.042357696266916704
-7.2267,21.915336268791485,21.32248180994178,0.0,0.592854458849704,7.4974451247724065,0.051238021037416356
-7.1767,23.22888827876139,21.426732169536407,0.0,1.8021561092249812,7.872718746013737,0.060934748799091394
-7.1267000000000005,24.065859142107016,19.775389445068647,0.0,4.290469697038368,8.084580956580957,0.06832153891785368
-7.076700000000001,23.5499196629354,19.390113800849214,0.0,4.159805862086188,7.847225192872779,0.07180846279500593
-7.0267,23.508529115541382,22.729480219144275,0.0,0.7790488963971072,7.762419705553748,0.08540702550857406
-6.9767,25.326402858169928,25.748458753757543,0.0,-0.422055895587615,8.277622287982707,0.11458352599756322
-6.9267,27.71615142757443,26.969322786608128,0.0,0.746828640966303,8.965096173166902,0.15336117913159256
-6.8767000000000005,29.623935745442544,27.48356126937873,0.0,2.1403744760638155,9.482719656770326,0.19597873964878942
-6.826700000000001,30.297123636617485,28.691460486397116,0.0,1.6056631502203693,9.597159140661567,0.23965425687765873
-6.7767,30.86937054181746,29.67564302928613,0.0,1.1937275125313285,9.656615043355103,0.31330188477923593
-6.7267,33.455302565501945,30.987338557579697,0.0,2.467964007922248,10.295782287731909,0.46698253074510876
-6.6767,37.66211807754783,36.62268361097906,0.0,1.0394344665687711,11.37379816441496,0.7783920277046641
-6.6267000000000005,42.895838282886814,45.151077954976316,0.0,-2.255239672089502,12.636016711005368,1.424279920799787
-6.576700000000001,51.21689405770016,54.54323613257917,0.0,-3.3263420748790082,14.617135329892365,2.570328057774555
-6.5267,61.99400695960907,61.991256056263396,0.0,0.002750903345670963,17.298319518133706,3.585939006323981
-6.4767,73.24791589520714,68.4412390243471,0.0,4.806676870860045,20.39486962137019,3.480300754420392
-6.4267,82.75401421735808,74.34087866582124,0.0,8.41313555153684,23.05571882372794,2.874100579835434
-6.3767000000000005,85.90513574907968,77.14651700287831,0.0,8.758618746201364,23.761076655370516,2.6792155547770484
-6.326700000000001,83.19198649954603,75.46150552672353,0.0,7.730480972822505,22.6955410407311,3.1202698970792673
-6.2767,78.75024860332448,70.87983244240607,0.0,7.87041616091841,21.14650344850901,3.5896624376626574
-6.2267,74.66775548051771,65.15328437688298,0.0,9.514471103634733,20.07895865746128,2.7604964359681547
-6.1767,72.88774610908432,60.873145589178854,0.0,12.014600519905464,19.67644550124168,1.9846706449295546
-6.1267000000000005,73.43093304214554,62.587452358328356,0.0,10.843480683817184,19.664360237012247,2.0011222758434153
-6.076700000000001,75.34014551888613,65.23027568280861,0.0,10.109869836077522,19.8956885834355,2.409263504215934
-6.0267,79.02104000928219,63.45790754640375,0.0,15.563132462878436,20.58780932880172,2.7487579203816077
-5.9767,81.23292146672256,60.27040410917308,0.0,20.96251735754948,21.048777398088347,2.4359642454884485
-5.9267,77.59434648967691,60.22292868720039,0.0,17.371417802476522,20.04673071182658,1.9745058941503832
-5.8767000000000005,78.33468964793218,64.98528289926016,0.0,13.349406748672024,20.057756151810736,2.0164636058922825
-5.826700000000001,87.41534813346168,76.33367903606916,0.0,11.08166909739252,22.196509006322042,2.3832484547505017
-5.7767,92.80691017273699,89.13956332994557,0.0,3.6673468427914173,23.647748605728694,2.5315037982761974
-5.7267,95.53061041156664,99.86356499962082,0.0,-4.332954588054179,25.031185921102594,2.5749500674779053
-5.6767,102.15522483614022,107.4943413636067,0.0,-5.339116527466473,27.856707412515973,2.723241166173773
-5.6267000000000005,106.40907726802726,105.14606824435671,0.0,1.2630090236705485,29.649920416021807,2.801717018713666
-5.576700000000001,107.10897665613118,94.95991198223878,0.0,12.149064673892397,29.931055481793784,2.6197817551176943
-5.5267,107.94660170856659,87.6470165976092,0.0,20.299585110957395,30.143111353627422,2.4933666068753406
-5.4767,112.83034794164675,93.7417593763752,0.0,19.08858856527155,32.30038052543438,2.3895652874264446
-5.4267,125.06432220146687,117.140123790735,0.0,7.9241984107318615,37.28969937001728,2.244325009484582
-5.3767000000000005,139.91018125049817,141.6994901525708,0.0,-1.7893089020726336,42.58363117791127,2.210934117998293
-5.326700000000001,160.74356197942046,145.9302154993776,0.0,14.813346480042867,48.924380196271294,2.647673585724533
-5.2767,175.70646805620083,143.80507279941708,0.0,31.901395256783758,53.23220992933312,3.509267768712899
-5.2267,175.28305198951222,148.24615692222466,0.0,27.03689506728756,53.03667530235313,4.467476346769693
-5.1767,177.1368335471896,150.52805671660212,0.0,26.608776830587487,53.30354826988821,5.4117347331722065
-5.1267000000000005,180.88045032963632,164.7371323810921,0.0,16.143317948544222,53.740852188270225,6.286045060905734
-5.076700000000001,175.69622243731197,181.8660492127385,0.0,-6.169826775426515,51.46373944562964,6.863732113821412
-5.0267,177.7943232369531,183.4043632817837,0.0,-5.610040044830612,51.55807927745761,7.4429648167905125
-4.9767,190.6918809917325,174.69750902386158,0.0,15.994371967870904,54.200111428421295,9.606693435678077
-4.9267,197.2589475267718,173.48880666027173,0.0,23.77014086650007,54.027849358606396,12.972350094157525
-4.8767000000000005,203.92722628077888,179.43350054070513,0.0,24.493725740073756,54.64713749631685,13.766883916640483
-4.826700000000001,209.69443444941226,175.45433983090408,0.0,34.24009461850818,56.5838862370008,10.505596232247221
-4.7767,200.60068601739107,171.66861963359855,0.0,28.932066383792517,54.761992921684644,6.517032756665136
-4.7267,177.6675242210426,175.48441137294319,0.0,2.1831128480994266,48.98477689670707,4.021846373538963
-4.6767,160.15184398572723,165.44137526163522,0.0,-5.28953127590799,45.15595990735349,3.0944447871277196
-4.6267000000000005,156.29912345328,151.24562481435817,0.0,5.0534986389218375,45.724860867802946,3.2244526862146907
-4.576700000000001,156.05877836358565,141.49414318895106,0.0,14.564635174634589,46.985669655728024,3.479106042086187
-4.5267,149.1031403892093,135.40232218494856,0.0,13.700818204260742,45.4914871394454,3.170111846545044
-4.4767,142.0203710940972,131.26235227280603,0.0,10.75801882129116,43.33713472288312,2.7747522225333734
-4.4267,141.46636110067314,129.61866695620367,0.0,11.847694144469472,42.675347166160655,2.769012225096498
-4.3767000000000005,149.57172260058718,135.2238175078847,0.0,14.34790509270249,44.426733588838104,3.0971289106274655
-4.326700000000001,160.12419609318562,141.56886734915682,0.0,18.5553287440288,46.649007637538574,3.5450947765813248
-4.2767,171.90709943399423,148.1199010633545,0.0,23.787198370639743,49.28847624366608,3.8833948557826874
-4.2267,179.04280636898767,153.6361789048037,0.0,25.40662746418397,51.068852718208845,3.8272823273678798
-4.1767,173.09707923833423,151.30964078616338,0.0,21.787438452170846,49.349811076090845,3.548781815475163
-4.1267000000000005,161.33765610491494,154.7311442422884,0.0,6.606511862626547,46.106505125042936,3.5856683612643554
-4.076700000000001,151.69208154814243,160.9582552784235,0.0,-9.266173730281082,43.45439519678827,4.025762215760055
-4.0267,136.2598923072239,157.79400122927441,0.0,-21.534108922050507,38.298961934522765,4.354571289857317
-3.9767,116.27328084196579,149.01674446616778,0.0,-32.74346362420199,31.355354749362768,4.468103840187064
-3.9267000000000003,109.14175439522953,143.79356828498896,0.0,-34.65181388975944,27.98812310692969,4.868546357115393
-3.8767000000000005,114.37884419100064,134.4318253988768,0.0,-20.052981207876172,28.140134352415515,5.256566724926045
-3.8267,111.16589413241053,121.28892853694403,0.0,-10.123034404533499,26.714922794150393,4.690910399191708
-3.7767000000000004,100.45573498531094,106.08562191764683,0.0,-5.629886932335893,23.737781640358957,3.9642607244373846
-3.7267,91.88662501896694,90.45729982450895,0.0,1.429325194457988,21.14979090998898,3.7791943353730124
-3.6767000000000003,87.94362037587794,82.65498467230915,0.0,5.2886357035687865,19.43344588675837,3.75144780149747
-3.6267000000000005,83.95242136027929,78.99517622200784,0.0,4.957245138271446,17.782367198431526,3.6815744739981584
-3.5767,79.75121392836434,79.43437704154852,0.0,0.3168368868158211,16.334444882421998,3.849811874278469
-3.5267000000000004,83.599492271141,80.36599982953305,0.0,3.2334924416079502,16.406141402632223,4.426449134789777
-3.4767,89.83141657320107,74.93949499165144,0.0,14.891921581549624,16.89502735767687,4.828816424726803
-3.4267000000000003,83.71007031700839,68.20534176059633,0.0,15.504728556412061,15.341697014980145,4.574956501392435
-3.3767000000000005,68.49843137986453,60.77637213925228,0.0,7.722059240612246,12.422339000602243,3.999741447034757
-3.3267,56.90528477049497,47.69223659258023,0.0,9.213048177914743,10.178627791464152,3.549443159169894
-3.2767000000000004,51.14343648020364,35.15435413557763,0.0,15.989082344626013,8.84875666283819,3.2847620419147527
-3.2267,46.442765484984236,29.11600006393683,0.0,17.326765421047405,8.040231024114169,2.982366480924304
-3.1767000000000003,38.83340675539441,28.891591265428126,0.0,9.941815489966281,7.293776983609714,2.598951888905043
-3.1267000000000005,32.90426001259898,26.46397474951991,0.0,6.440285263079073,6.875441994094967,2.411290020688601
-3.0767,29.053976355835097,21.188589537782864,0.0,7.865386818052233,6.454788323877631,2.332299090221631
-3.0267000000000004,24.43960013990001,17.32688059729189,0.0,7.112719542608119,5.39220620224981,2.618340435305858
-2.9767,23.27459442584674,14.933525139843857,0.0,8.341069286002883,4.3088646973310105,5.128189396406044
-2.9267000000000003,29.390269722411382,11.948841714518498,0.0,17.441428007892885,4.404527791462177,10.119669672989431
-2.8767000000000005,35.23941710503915,9.42273131442015,0.0,25.816685790619005,5.058097794055664,12.80580934365042
-2.8267,41.589921725980375,8.202655269935025,0.0,33.38726645604535,6.458646450655474,12.740746369126356
-2.7767000000000004,44.85058441799228,7.599386656217114,0.0,37.25119776177517,7.384816924491962,11.972663309268665
-2.7267,29.408588655352126,7.19854162843609,0.0,22.210047026916037,5.0797648210151625,6.897413011384634
-2.6767000000000003,14.506813304734262,6.9454839992213895,0.0,7.5613293055128725,2.6711016914122307,3.1179035336597067
-2.6267000000000005,15.580615237658876,6.904678296223405,0.0,8.67593694143547,2.752569657947987,5.42349994983565
-2.5767,20.971827130203174,6.351529048555294,0.0,14.62029808164788,3.6713470725529698,8.31189446708331
-2.5267000000000004,15.792391381540307,5.696005720656991,0.0,10.096385660883316,3.1530789505715697,5.399680263318767
-2.4767,10.080086459931536,7.533081763826656,0.0,2.54700469610488,2.6276488033750995,2.50444423248855
-2.4267000000000003,14.063186047339244,11.361652830634235,0.0,2.701533216705009,4.014380631464328,4.320353362504822
-2.3767000000000005,22.902879262426246,15.810214212932147,0.0,7.0926650494941,6.710721918187955,8.225220839726711
-2.3267,25.21207538884658,18.915822407046498,0.0,6.29625298180008,8.153141253415258,8.868382319744908
-2.2767000000000004,22.29209657615363,18.624143439086527,0.0,3.6679531370671015,8.434700391771278,6.797953178711108
-2.2267,25.40804850457679,16.34689033375305,0.0,9.061158170823742,9.7789847905566,7.929057399152389
-2.1767000000000003,30.627184834616692,15.25406608600246,0.0,15.373118748614232,10.705773927232759,11.059697736230724
-2.1267000000000005,31.254306065380632,16.69773257693509,0.0,14.556573488445544,10.522514753565762,11.869674196600156
-2.0767,27.901827833555274,19.85044893794615,0.0,8.051378895609123,9.948347872956512,10.019240704773257
-2.0267000000000004,22.532010912272007,21.863327838094385,0.0,0.668683074177622,9.52032227838371,6.494154745902545
-1.9767000000000001,22.424435165828292,19.59935709720323,0.0,2.8250780686250607,10.627963646230427,5.510950657458919
-1.9267000000000003,28.08458608500118,16.568948345420917,0.0,11.515637739580264,12.690982402920685,8.184795126752649
-1.8767000000000005,30.8305853785358,16.010680759088828,0.0,14.819904619446973,12.900860239794763,10.540893322769977
-1.8267000000000002,28.931828466041978,17.878589523515043,0.0,11.053238942526935,11.708286098846827,10.400065652740729
-1.7767000000000004,30.9380290054758,19.437200583226225,0.0,11.500828422249576,12.738333943980376,10.947332820485508
-1.7267000000000001,35.912235011475445,19.087820625706748,0.0,16.824414385768698,15.329080542698497,12.291017647765504
-1.6767000000000003,34.251467951626694,19.58167404447768,0.0,14.669793907149014,15.084793367375312,11.369606996796104
-1.6267000000000005,30.772297836999545,19.262867529551585,0.0,11.50943030744796,13.871457754535886,10.181260220758194
-1.5767000000000002,31.457618923980874,17.573333936921834,0.0,13.88428498705904,14.866269018326525,9.885030229822393
-1.5267000000000004,34.39738282071684,18.199353384278655,0.0,16.198029436438187,17.13341317151925,9.709073126311793
-1.4767000000000001,35.40509539531051,20.955001938672947,0.0,14.450093456637564,19.202192723767183,8.05747836143808
-1.4267000000000003,33.30473890823623,22.534027846642868,0.0,10.770711061593364,20.1245048975953,5.474922493723623
-1.3767000000000005,28.06145193924427,22.625346676879424,0.0,5.436105262364848,17.934062310261844,3.907771227367234
-1.3267000000000002,24.779528630530287,21.156737859001222,0.0,3.622790771529065,15.405311404538804,4.115914410205338
-1.2767000000000004,28.59567493184467,19.413691321795085,0.0,9.181983610049585,16.597490701346654,5.920829873435267
-1.2267000000000001,34.213311225462604,19.875632296464246,0.0,14.337678928998358,19.62067330783428,7.062657013941137
-1.1767000000000003,32.628693103038074,21.75369302033376,0.0,10.875000082704315,19.792722634075304,5.40560694164273
-1.1267000000000005,26.8697594180094,22.804785235259047,0.0,4.064974182750355,17.61290605434997,3.1622730958933514
-1.0767000000000002,24.363681653795933,23.138683695326844,0.0,1.224997958469089,17.007797023740334,1.8550780870484203
-1.0267000000000004,25.33785195185656,24.209527714355964,0.0,1.1283242375005962,18.27250620181563,1.2199047438295523
-0.9767000000000001,27.482701824005588,25.659981380741286,0.0,1.822720443264302,20.021623464797862,1.0686515179967304
-0.9267000000000003,29.82415660217653,26.081173762076816,0.0,3.742982840099714,21.463226117742316,1.5688117153149288
-0.8767000000000005,31.85886108032141,26.488466599872375,0.0,5.370394480449036,21.844363209331455,3.2447091761388913
-0.8267000000000002,34.8730650616272,27.404470432433424,0.0,7.4685946291937775,21.854821304108363,6.220752595285733
-0.7767000000000004,36.18818678556285,27.562658379712516,0.0,8.625528405850332,21.084918656115626,8.298636220865525
-0.7267000000000001,34.388738737119695,26.124666505145363,0.0,8.264072231974332,20.66817784116445,6.987874956581486
-0.6767000000000003,31.66405533284252,25.386555439047424,0.0,6.277499893795095,20.975893355085134,4.081834773540633
-0.6267000000000005,28.562543803678956,28.549749244591567,0.0,0.012794559087389246,20.542547451373615,1.9254166464319906
-0.5767000000000002,27.589354850637655,36.06593118563607,0.0,-8.476576334998413,20.930053180855115,0.8373707960910953
-0.5267000000000004,29.476687661190933,44.581367209995925,0.0,-15.104679548804992,22.849382406980133,0.42229175755361303
-0.4767000000000001,32.653216149123466,53.12578157003159,0.0,-20.472565420908126,25.321447868624702,0.32056640007854714
-0.4267000000000003,37.4368721166373,60.832319125257314,0.0,-23.39544700862001,28.948678351711763,0.3542863052039068
-0.3767000000000005,45.92843976465153,61.65357565280848,0.0,-15.725135888156949,35.54638715049089,0.48061120756144715
-0.32670000000000066,50.87542350831557,58.38226924275925,0.0,-7.506845734443679,39.39161041526968,0.5709815660808795
-0.27669999999999995,43.757613067719745,51.928090662322994,0.0,-8.170477594603248,33.7822001612541,0.48811068763867643
-0.22670000000000012,42.73808717870784,49.2373593085352,0.0,-6.499272129827354,32.48314247754269,0.42974195484547695
-0.1767000000000003,52.84966750805194,55.9358597592514,0.0,-3.0861922511994635,39.58445646330223,0.48747875478899455
-0.12670000000000048,59.618768600592475,57.58314658833343,0.0,2.035622012259047,44.11660185906541,0.5496476658998553
-0.07670000000000066,62.933383238069,55.236284725148934,0.0,7.697098512920064,45.27529877309884,0.5947057410779557
-0.026699999999999946,63.02701478433141,62.49151352612704,0.0,0.535501258204377,43.78287633521642,0.6245915390861534
0.023299999999999876,60.02184713565116,70.5139402226144,0.0,-10.492093086963237,41.293226620130014,0.6324807657472271
0.0732999999999997,62.33199102245845,68.0853092458998,0.0,-5.75331822344134,43.55413765543449,0.6666665870144575
0.12329999999999952,68.71176454461846,62.1307179948619,0.0,6.5810465497565644,48.53372541399317,0.7037195087020262
0.17329999999999934,72.16108187551828,61.63917871818736,0.0,10.521903157330918,51.290616393292254,0.7007819599724254
0.22330000000000005,74.3809516237977,71.11317214611172,0.0,3.267779477685977,53.45697106909347,0.730598996469531
0.2732999999999999,77.0839727024451,88.42626763609417,0.0,-11.342294933649072,55.80464144521452,0.8348222091986133
0.3232999999999997,75.0262654321914,92.2791788763788,0.0,-17.2529134441874,54.00543141161073,0.9123673954472721
0.3732999999999995,71.53557293426817,83.56219999609148,0.0,-12.026627061823305,50.872702489930035,0.9298444464401845
0.42329999999999934,72.98401887561943,69.73889447134809,0.0,3.245124404271337,51.610564499275455,0.9853344984673675
0.47330000000000005,74.99080297610817,62.68071688801304,0.0,12.310086088095133,52.82808958802566,1.0735309233524353
0.5232999999999999,73.50191902542977,65.36395259425497,0.0,8.137966431174803,51.409562522129264,1.1626585137123326
0.5732999999999997,72.18929829033473,72.96118747522456,0.0,-0.7718891848898295,50.58739895766813,1.2252086176324217
0.6232999999999995,72.6386149140841,82.91941841640566,0.0,-10.280803502321561,50.98839435836604,1.2573804597419471
0.6732999999999993,74.62316633401898,85.76894105811262,0.0,-11.145774724093641,51.944393608693645,1.3325773525500564
0.7233,74.99047831286322,81.40419646578886,0.0,-6.4137181529256395,51.78967606356565,1.3546580203972034
0.7732999999999999,75.89527752201644,84.77410481435186,0.0,-8.878827292335416,52.13694519688094,1.331944286503441
0.8232999999999997,79.43983725779633,86.97208016956806,0.0,-7.532242911771732,54.40916069945372,1.373967253369957
0.8732999999999995,80.83507835756375,78.40588643031298,0.0,2.42919192725077,55.56830387912986,1.4650770191372156
0.9232999999999993,81.13869773428601,70.11866804539942,0.0,11.020029688886595,56.00510645701027,1.5483106452069078
0.9733,80.38307101262492,67.86812736287376,0.0,12.51494364975116,55.45157166744174,1.6912534252815972
1.0232999999999999,73.9511810755696,69.50433839046917,0.0,4.446842685100421,50.90164877960797,1.9142817963738814
1.0732999999999997,69.20587246332012,74.03229882973542,0.0,-4.826426366415305,47.388489640024176,2.2121426746868766
1.1232999999999995,70.78113833822377,80.70624940376285,0.0,-9.925111065539085,48.26927701209112,2.6269414250553145
1.1732999999999993,74.7743963454524,79.40707979144159,0.0,-4.632683445989187,50.96179851185454,3.2335945164843576
1.2233,76.22405729145541,70.03671474719809,0.0,6.187342544257319,51.74857325451074,3.836695147004707
1.2732999999999999,76.78240680854762,66.3372143431563,0.0,10.445192465391315,51.62985318804748,4.130809231671881
1.3232999999999997,78.96262261155348,75.55001564438196,0.0,3.412606967171527,53.03261363301158,3.8006337453947037
1.3732999999999995,83.53224261800057,84.778552239413,0.0,-1.2463096214124363,57.0092555438826,2.977189544120876
1.4232999999999993,91.25576631758393,82.54630103753762,0.0,8.709465280046317,63.14729150892032,2.380083323491114
1.4733,93.94385766453381,75.17122687722438,0.0,18.772630787309424,65.07122325109201,2.082771281198968
1.5232999999999999,90.54440125044849,71.50991127809375,0.0,19.034489972354734,62.890880404733,1.7612045023735043
1.5732999999999997,88.82705416191894,76.27807986912043,0.0,12.548974292798505,62.32915534307723,1.543229099543531
1.6232999999999995,92.91347234286744,83.42310270603977,0.0,9.490369636827666,65.91596459199465,1.4974845216478836
1.6732999999999993,101.72217533496257,84.95618127182149,0.0,16.76599406314108,72.98781717834831,1.5021210092480812
1.7233,109.96778591925066,91.30246702046294,0.0,18.665318898787717,79.54880385341676,1.4991944670408754
1.7732999999999999,117.62143412120756,104.62395092587812,0.0,12.997483195329437,85.1981327195815,1.5526398579217895
1.8232999999999997,122.49474318331693,117.75121149754433,0.0,4.743531685772595,88.50192893042343,1.6202165145523155
1.8732999999999995,124.09017950374823,129.83744761308435,0.0,-5.747268109336119,89.32593810914926,1.769652045280001
1.9232999999999993,124.66640945816673,133.2654185820173,0.0,-8.599009123850578,89.29793067772485,2.0371796588626117
1.9733,119.70601379209032,129.78719687838594,0.0,-10.081183086295624,85.7382407825417,2.222859130206854
2.0233,114.19921821599203,132.96897337257198,0.0,-18.769755156579947,82.03448170515738,2.4533324818118487
2.0732999999999997,110.81593831783772,134.30340103886067,0.0,-23.48746272102295,79.50735420782675,2.7681469948664343
2.1232999999999995,108.42747083204665,123.32087015245732,0.0,-14.893399320410666,77.5650972017198,2.9930801499502797
2.1732999999999993,106.18502130105912,118.24030046279198,0.0,-12.055279161732855,76.14323910179425,2.829638105347705
2.2233,103.57930040902968,127.5875423836372,0.0,-24.008241974607515,75.10002400292228,2.416795961906418
2.2733,105.48533884320386,139.8126579905022,0.0,-34.32731914729834,77.23424930457408,2.248980666733854
2.3232999999999997,114.42173057202044,142.7816032370625,0.0,-28.359872665042076,83.9623516953933,2.2842791074022437
2.3732999999999995,122.27156336747154,134.97499582468112,0.0,-12.703432457209573,89.28555652955889,2.165444040392998
2.4232999999999993,129.07918341141493,121.50318950011135,0.0,7.575993911303584,93.30288533997789,2.086772168550533
2.4733,133.12603969996644,115.94137868411913,0.0,17.18466101584731,95.68942290847359,2.0746595650473183
2.5233,130.19833914722054,122.94777231140077,0.0,7.250566835819768,93.77179975781556,1.9211813696538862
2.5732999999999997,123.28978440730273,115.63818727228964,0.0,7.651597135013091,89.5253496857209,1.6714896110964421
2.6232999999999995,107.85507503572589,69.08163865327373,0.0,38.77343638245216,79.07608431027401,1.423881901888357
2.6732999999999993,67.64833430588342,25.411732095426835,0.0,42.23660221045659,49.72349060486732,0.9543616690201913
2.7233,26.00523596032231,0.0,0.0,26.00523596032231,19.095838652178756,0.40081352210931476
2.7733,6.62718305643476,0.0,0.0,6.62718305643476,4.889117322326075,0.10621072667562745
